patient_id,patient_sex,patient_district,date_of_birth
P00001,F,District_032,1980-04-08
P00002,M,District_013,1945-03-31
P00003,F,District_033,1967-07-20
P00004,M,District_033,1943-04-13
P00005,M,District_012,2006-06-14
P00006,M,District_028,1949-04-06
P00007,F,District_029,1963-05-02
P00008,M,District_019,1958-07-19
P00009,F,District_031,1932-05-08
P00010,F,District_014,1991-09-08
P00011,M,District_021,1972-04-03
P00012,M,District_040,1968-02-03
P00013,M,District_009,1968-10-18
P00014,M,District_007,1947-05-04
P00015,F,District_007,1970-11-22
P00016,F,District_040,2009-08-17
P00017,M,District_008,1996-05-02
P00018,M,District_009,1957-09-22
P00019,M,District_029,1939-10-08
P00020,F,District_031,1940-08-14
P00021,F,District_023,2017-11-21
P00022,M,District_040,1989-05-18
P00023,F,District_002,1959-11-16
P00024,M,District_027,1959-09-03
P00025,F,District_026,1984-09-09
P00026,F,District_014,1966-01-13
P00027,F,District_036,2007-01-05
P00028,F,District_023,1967-12-05
P00029,M,District_012,1983-11-06
P00030,F,District_004,2010-04-09
P00031,F,District_004,1984-09-15
P00032,M,District_036,1932-05-11
P00033,F,District_012,1967-01-31
P00034,M,District_036,1955-11-04
P00035,F,District_006,1993-01-15
P00036,F,District_040,1998-12-13
P00037,F,District_034,1982-10-10
P00038,M,District_005,1962-06-30
P00039,F,District_004,1995-02-15
P00040,M,District_032,1970-06-13
P00041,M,District_004,1953-11-12
P00042,F,District_012,1956-10-03
P00043,M,District_032,1998-03-30
P00044,F,District_036,1973-06-11
P00045,F,District_031,2000-12-28
P00046,M,District_036,2008-07-02
P00047,F,District_023,1964-08-06
P00048,M,District_031,1967-01-01
P00049,M,District_015,1974-10-03
P00050,F,District_031,1982-01-25
P00051,F,District_029,1941-04-20
P00052,M,District_024,1944-12-07
P00053,F,District_040,1994-12-27
P00054,F,District_020,1943-08-29
P00055,F,District_027,1982-07-16
P00056,F,District_022,1963-07-21
P00057,M,District_012,1945-04-22
P00058,F,District_014,1940-10-30
P00059,F,District_040,1933-12-15
P00060,M,District_017,1998-05-01
P00061,M,District_029,1934-02-08
P00062,M,District_024,1965-11-01
P00063,M,District_036,2002-08-23
P00064,F,District_031,1978-05-18
P00065,F,District_004,1964-11-02
P00066,M,District_015,1970-02-22
P00067,F,District_030,1973-10-11
P00068,M,District_008,1934-06-21
P00069,F,District_022,1961-08-31
P00070,M,District_014,2006-05-03
P00071,M,District_003,1988-10-21
P00072,M,District_040,1975-11-28
P00073,F,District_037,1972-06-29
P00074,M,District_031,1966-02-20
P00075,M,District_010,1973-05-15
P00076,M,District_040,1967-04-02
P00077,M,District_027,1969-07-27
P00078,F,District_039,1942-11-11
P00079,F,District_003,2010-07-30
P00080,F,District_009,1974-01-06
P00081,M,District_029,1962-03-22
P00082,M,District_036,2019-04-21
P00083,F,District_009,1977-09-14
P00084,M,District_014,1969-05-28
P00085,F,District_025,1971-05-20
P00086,M,District_040,1974-05-08
P00087,F,District_032,1995-02-11
P00088,F,District_037,1981-04-28
P00089,F,District_029,1990-10-13
P00090,M,District_035,1986-10-13
P00091,M,District_022,1975-05-21
P00092,F,District_006,1956-02-20
P00093,M,District_030,1971-01-21
P00094,M,District_026,1984-05-24
P00095,F,District_021,1981-06-22
P00096,M,District_012,2004-03-10
P00097,F,District_031,1968-01-11
P00098,M,District_033,1996-12-22
P00099,M,District_015,1963-09-11
P00100,F,District_037,1973-09-02
P00101,M,District_016,1968-06-10
P00102,F,District_004,1982-09-16
P00103,M,District_008,1994-09-10
P00104,M,District_021,1962-12-24
P00105,F,District_004,1965-12-31
P00106,M,District_030,1990-07-21
P00107,F,District_031,1951-01-03
P00108,M,District_023,1958-09-16
P00109,M,District_036,2000-10-06
P00110,M,District_039,1980-09-27
P00111,M,District_019,1978-01-11
P00112,M,District_004,1992-05-04
P00113,F,District_011,1981-05-08
P00114,F,District_028,1963-10-25
P00115,M,District_017,1985-02-06
P00116,F,District_029,1956-10-22
P00117,F,District_028,1954-01-13
P00118,F,District_026,2005-01-19
P00119,M,District_008,2007-06-09
P00120,M,District_013,1961-02-19
P00121,F,District_016,1953-01-02
P00122,F,District_033,1957-06-04
P00123,M,District_029,2008-03-27
P00124,F,District_027,1999-06-01
P00125,M,District_028,2010-06-24
P00126,M,District_022,1933-09-01
P00127,M,District_002,1967-05-08
P00128,F,District_010,1959-09-27
P00129,M,District_007,1958-10-23
P00130,M,District_003,2003-09-24
P00131,F,District_014,1975-12-29
P00132,M,District_031,2017-01-26
P00133,F,District_005,1966-09-30
P00134,M,District_005,1962-03-16
P00135,M,District_006,1974-07-27
P00136,F,District_012,2002-08-31
P00137,F,District_010,1950-10-10
P00138,F,District_001,1972-03-08
P00139,F,District_012,1979-06-29
P00140,M,District_040,1996-07-21
P00141,F,District_014,1960-05-06
P00142,M,District_011,2006-03-15
P00143,F,District_021,2004-05-07
P00144,M,District_011,1983-07-16
P00145,M,District_023,2000-02-10
P00146,M,District_017,2005-02-09
P00147,M,District_036,1966-01-14
P00148,M,District_037,2003-11-30
P00149,M,District_030,1976-02-11
P00150,M,District_011,1995-10-24
P00151,F,District_020,1991-05-21
P00152,F,District_014,1992-05-06
P00153,F,District_032,1966-10-18
P00154,M,District_002,1957-12-30
P00155,M,District_028,1972-01-23
P00156,M,District_014,2017-02-10
P00157,M,District_020,1999-10-31
P00158,F,District_014,1991-05-28
P00159,M,District_015,1952-11-07
P00160,F,District_028,1989-06-09
P00161,F,District_025,1933-09-08
P00162,M,District_011,1964-04-02
P00163,F,District_003,1970-06-06
P00164,M,District_035,1946-07-04
P00165,M,District_021,2014-04-28
P00166,M,District_027,1963-07-13
P00167,F,District_021,1998-12-28
P00168,F,District_027,1957-05-29
P00169,F,District_027,1963-03-25
P00170,F,District_001,2013-07-07
P00171,F,District_023,1955-10-31
P00172,F,District_021,2013-12-30
P00173,M,District_004,2005-09-15
P00174,M,District_031,1965-03-27
P00175,M,District_011,1985-09-06
P00176,F,District_003,1957-01-18
P00177,M,District_032,1963-09-03
P00178,F,District_035,1975-07-30
P00179,F,District_011,2000-03-30
P00180,F,District_029,1986-05-22
P00181,M,District_001,1948-12-18
P00182,M,District_030,1978-12-05
P00183,F,District_020,1958-10-22
P00184,M,District_031,1978-02-17
P00185,M,District_017,2004-12-24
P00186,F,District_015,1974-12-06
P00187,M,District_034,1974-03-23
P00188,F,District_002,1966-05-19
P00189,F,District_009,1946-01-07
P00190,M,District_018,1985-10-13
P00191,F,District_025,1999-05-07
P00192,M,District_001,2020-11-13
P00193,F,District_024,1965-05-31
P00194,M,District_016,1989-11-24
P00195,M,District_027,1964-02-05
P00196,M,District_036,1998-08-03
P00197,M,District_019,1944-09-30
P00198,M,District_023,1933-01-07
P00199,F,District_020,1942-12-08
P00200,F,District_006,2009-03-16
P00201,M,District_031,1946-06-29
P00202,F,District_036,2006-04-26
P00203,F,District_032,1985-09-28
P00204,M,District_038,1994-02-14
P00205,F,District_020,2006-07-21
P00206,F,District_028,1975-08-03
P00207,M,District_008,1998-07-19
P00208,M,District_040,2002-09-15
P00209,M,District_024,1964-09-07
P00210,F,District_012,1942-11-11
P00211,F,District_032,1971-07-09
P00212,M,District_025,1976-07-12
P00213,F,District_038,2005-08-16
P00214,M,District_031,1933-01-07
P00215,F,District_035,2017-11-21
P00216,F,District_023,2004-02-04
P00217,F,District_022,2012-02-20
P00218,F,District_031,1960-12-24
P00219,F,District_004,2004-04-21
P00220,M,District_003,1959-10-18
P00221,M,District_040,1986-12-17
P00222,F,District_036,2000-02-22
P00223,M,District_039,1984-11-20
P00224,F,District_003,2016-09-14
P00225,F,District_012,1988-11-27
P00226,M,District_036,1975-11-12
P00227,M,District_004,1973-12-10
P00228,M,District_019,2011-03-01
P00229,F,District_015,1961-12-11
P00230,F,District_036,2007-03-31
P00231,M,District_022,2019-11-06
P00232,M,District_013,1989-02-02
P00233,M,District_023,1959-02-27
P00234,M,District_005,1987-05-18
P00235,F,District_031,1963-03-06
P00236,M,District_027,1996-09-15
P00237,M,District_026,1976-03-22
P00238,F,District_019,1985-10-13
P00239,F,District_013,1962-05-22
P00240,M,District_003,1969-01-31
P00241,F,District_038,1992-04-12
P00242,M,District_018,2019-09-26
P00243,M,District_021,1968-04-07
P00244,F,District_016,1951-02-14
P00245,M,District_040,1947-02-12
P00246,M,District_031,2003-04-08
P00247,F,District_004,1965-04-09
P00248,M,District_026,2000-03-21
P00249,F,District_021,1986-04-08
P00250,M,District_031,1967-11-15
P00251,F,District_040,1960-03-14
P00252,F,District_031,1973-10-28
P00253,M,District_035,1950-06-12
P00254,F,District_022,2000-08-31
P00255,F,District_016,1965-10-16
P00256,F,District_027,2004-09-21
P00257,M,District_031,2012-12-02
P00258,M,District_011,1983-07-26
P00259,F,District_022,1940-08-02
P00260,F,District_005,1975-08-08
P00261,F,District_011,1993-11-29
P00262,M,District_036,1967-05-26
P00263,F,District_007,1947-11-02
P00264,M,District_032,1945-02-23
P00265,F,District_016,1962-12-24
P00266,M,District_028,1982-12-12
P00267,M,District_036,1971-09-15
P00268,F,District_031,1949-08-06
P00269,M,District_033,1952-01-13
P00270,F,District_012,1947-06-25
P00271,M,District_015,1991-08-17
P00272,F,District_031,1986-03-02
P00273,F,District_031,1972-10-06
P00274,F,District_031,2001-02-08
P00275,F,District_031,2022-08-07
P00276,M,District_011,1976-09-09
P00277,M,District_013,1976-09-14
P00278,F,District_038,1952-12-29
P00279,M,District_023,1964-05-01
P00280,M,District_031,1937-06-05
P00281,F,District_025,1958-05-15
P00282,F,District_037,1967-05-10
P00283,M,District_035,2016-12-23
P00284,F,District_012,1960-02-16
P00285,M,District_036,2003-06-30
P00286,F,District_013,2013-04-24
P00287,F,District_019,1983-12-20
P00288,M,District_035,1944-03-30
P00289,M,District_014,1972-04-29
P00290,M,District_013,1941-08-20
P00291,F,District_028,1932-01-26
P00292,M,District_040,1951-05-10
P00293,M,District_007,1991-02-05
P00294,M,District_029,1956-03-08
P00295,M,District_023,1951-10-19
P00296,M,District_017,1938-01-03
P00297,M,District_031,1993-04-05
P00298,M,District_023,2002-10-24
P00299,M,District_032,1949-03-18
P00300,F,District_031,2004-07-29
P00301,M,District_040,1984-02-21
P00302,M,District_032,1979-10-31
P00303,F,District_003,2004-09-29
P00304,F,District_031,2019-08-29
P00305,F,District_028,1935-07-22
P00306,M,District_004,1935-05-17
P00307,F,District_026,1938-10-13
P00308,F,District_031,1986-04-19
P00309,M,District_010,1982-12-24
P00310,F,District_019,1996-09-03
P00311,M,District_023,1981-05-06
P00312,F,District_018,2009-09-27
P00313,F,District_035,1973-07-28
P00314,F,District_008,1956-05-25
P00315,M,District_031,1967-10-04
P00316,M,District_031,1985-01-15
P00317,F,District_019,1982-02-26
P00318,F,District_023,2003-01-13
P00319,M,District_008,1996-07-05
P00320,M,District_010,1962-08-29
P00321,M,District_023,2006-01-03
P00322,F,District_011,1963-04-12
P00323,M,District_032,1950-03-18
P00324,M,District_026,2007-10-28
P00325,F,District_003,2019-02-19
P00326,M,District_015,2011-06-24
P00327,M,District_035,1981-03-25
P00328,M,District_012,1976-03-06
P00329,M,District_030,1945-11-24
P00330,F,District_004,1952-11-26
P00331,M,District_037,1964-12-09
P00332,F,District_019,1984-05-12
P00333,M,District_021,1979-02-02
P00334,F,District_024,1997-12-22
P00335,F,District_015,1999-11-13
P00336,M,District_030,1949-07-08
P00337,F,District_001,1962-08-12
P00338,M,District_008,1994-11-25
P00339,F,District_009,2007-05-25
P00340,F,District_027,1979-02-06
P00341,F,District_036,1955-10-17
P00342,F,District_003,2009-12-31
P00343,F,District_035,2020-10-11
P00344,F,District_033,1991-10-27
P00345,M,District_004,1949-07-15
P00346,F,District_007,1964-11-23
P00347,F,District_015,1969-08-23
P00348,F,District_005,1996-11-19
P00349,F,District_031,2015-05-01
P00350,F,District_022,1932-07-14
P00351,F,District_017,2000-12-05
P00352,M,District_030,2019-12-18
P00353,M,District_013,1976-07-07
P00354,M,District_035,1985-05-30
P00355,M,District_028,1987-10-31
P00356,M,District_015,1942-09-05
P00357,F,District_023,1977-05-25
P00358,F,District_012,1984-07-14
P00359,M,District_040,1983-11-21
P00360,F,District_019,1959-08-13
P00361,F,District_036,2009-10-21
P00362,M,District_040,2000-01-29
P00363,F,District_023,1963-03-15
P00364,F,District_030,1969-09-10
P00365,M,District_024,1942-10-08
P00366,F,District_004,1998-11-13
P00367,F,District_038,2013-04-07
P00368,F,District_019,1958-01-31
P00369,F,District_036,1964-09-24
P00370,M,District_028,1980-05-13
P00371,M,District_004,1959-10-09
P00372,F,District_018,2004-02-02
P00373,F,District_010,1932-09-14
P00374,F,District_008,1936-11-27
P00375,M,District_030,1995-02-15
P00376,F,District_002,1942-01-21
P00377,F,District_039,1941-08-10
P00378,M,District_019,1984-02-05
P00379,M,District_021,1983-10-06
P00380,M,District_013,1975-09-26
P00381,M,District_004,2007-06-21
P00382,M,District_025,2000-05-27
P00383,M,District_015,1992-08-14
P00384,M,District_027,1935-03-17
P00385,F,District_023,1988-03-19
P00386,F,District_011,1975-11-19
P00387,F,District_020,1986-01-05
P00388,M,District_014,1993-11-04
P00389,M,District_011,1948-06-23
P00390,M,District_031,2011-08-01
P00391,F,District_001,2018-07-21
P00392,M,District_012,1989-11-16
P00393,F,District_023,1974-08-29
P00394,F,District_020,1996-12-21
P00395,M,District_038,2014-01-11
P00396,M,District_034,1989-11-10
P00397,M,District_031,1980-07-09
P00398,F,District_022,2018-10-15
P00399,F,District_019,1960-10-29
P00400,F,District_002,1983-08-13
P00401,F,District_033,1997-01-13
P00402,M,District_019,1975-07-12
P00403,F,District_014,1972-01-17
P00404,F,District_026,1988-03-06
P00405,F,District_031,1984-07-26
P00406,M,District_023,1989-02-07
P00407,M,District_007,1939-08-28
P00408,F,District_037,2004-07-02
P00409,F,District_005,1992-04-28
P00410,M,District_040,1981-05-31
P00411,M,District_019,1996-03-05
P00412,F,District_038,1981-11-03
P00413,F,District_036,2004-07-04
P00414,M,District_017,1958-05-04
P00415,M,District_032,1962-09-03
P00416,F,District_004,1965-02-19
P00417,F,District_004,1965-09-13
P00418,F,District_015,1979-09-15
P00419,F,District_026,1948-09-04
P00420,F,District_001,1974-04-30
P00421,F,District_022,1934-11-19
P00422,F,District_040,1975-11-11
P00423,F,District_035,1988-03-23
P00424,F,District_011,2000-10-18
P00425,F,District_023,1980-11-24
P00426,M,District_008,1978-09-27
P00427,F,District_012,1993-08-09
P00428,M,District_037,2015-12-21
P00429,M,District_040,2016-03-03
P00430,M,District_011,1946-11-20
P00431,F,District_011,1959-08-08
P00432,F,District_016,1972-10-20
P00433,M,District_019,1979-09-17
P00434,F,District_004,1964-12-16
P00435,F,District_007,1933-01-20
P00436,F,District_018,1965-01-24
P00437,M,District_011,1961-11-16
P00438,M,District_034,1993-10-21
P00439,F,District_031,1994-02-13
P00440,M,District_023,1972-08-03
P00441,M,District_019,1952-12-10
P00442,F,District_033,2006-11-13
P00443,F,District_008,1996-08-04
P00444,F,District_036,1978-06-12
P00445,M,District_003,1979-05-17
P00446,M,District_037,1940-11-07
P00447,M,District_007,1970-08-19
P00448,M,District_032,1992-09-28
P00449,F,District_001,1985-06-20
P00450,M,District_033,2007-09-07
P00451,M,District_025,2009-10-19
P00452,M,District_001,1960-03-10
P00453,F,District_031,1932-06-08
P00454,F,District_004,1976-07-13
P00455,F,District_023,1979-11-14
P00456,F,District_014,1965-12-07
P00457,M,District_031,1966-03-17
P00458,M,District_035,2002-01-13
P00459,M,District_020,1968-06-02
P00460,F,District_031,1970-12-18
P00461,F,District_036,1932-07-10
P00462,F,District_029,1997-09-21
P00463,M,District_014,2001-12-13
P00464,M,District_020,1959-11-12
P00465,F,District_011,2020-07-03
P00466,M,District_019,1980-07-30
P00467,M,District_012,1958-06-10
P00468,F,District_032,1998-04-23
P00469,F,District_026,1987-09-28
P00470,F,District_027,1937-09-19
P00471,F,District_005,1967-04-30
P00472,M,District_001,1964-10-22
P00473,F,District_031,1975-12-05
P00474,M,District_023,1992-02-25
P00475,M,District_037,1992-10-17
P00476,M,District_023,1966-11-18
P00477,M,District_011,1979-04-08
P00478,F,District_029,1983-06-22
P00479,M,District_029,2013-11-09
P00480,F,District_003,1947-02-26
P00481,M,District_029,2016-10-04
P00482,M,District_011,1977-04-30
P00483,F,District_012,1991-05-10
P00484,F,District_002,1972-03-05
P00485,M,District_027,1981-04-10
P00486,M,District_031,1984-04-20
P00487,M,District_011,1959-12-15
P00488,F,District_031,1958-01-24
P00489,M,District_031,1995-11-17
P00490,M,District_017,1995-10-02
P00491,F,District_003,1989-07-23
P00492,M,District_013,1995-09-19
P00493,M,District_008,1972-05-30
P00494,M,District_039,1986-12-13
P00495,F,District_033,1968-07-20
P00496,F,District_004,1979-08-28
P00497,M,District_022,1973-05-10
P00498,M,District_012,1994-06-26
P00499,F,District_002,1992-04-01
P00500,M,District_014,1980-11-02
P00501,F,District_006,1942-01-20
P00502,M,District_011,1976-08-11
P00503,F,District_014,1949-08-27
P00504,F,District_017,1981-06-15
P00505,M,District_020,1999-11-04
P00506,F,District_023,2017-03-10
P00507,M,District_016,2003-09-28
P00508,F,District_021,1963-01-29
P00509,F,District_018,1954-11-08
P00510,M,District_039,1970-02-20
P00511,M,District_003,1963-08-12
P00512,M,District_025,1981-05-25
P00513,M,District_009,2019-02-18
P00514,F,District_016,1971-11-16
P00515,F,District_023,2004-08-28
P00516,F,District_031,1994-01-20
P00517,M,District_040,1932-11-08
P00518,F,District_021,1950-11-25
P00519,F,District_012,1972-06-25
P00520,M,District_031,1996-12-23
P00521,F,District_011,1934-01-04
P00522,M,District_022,1991-02-07
P00523,F,District_034,1989-10-25
P00524,F,District_017,1984-10-30
P00525,F,District_023,1939-03-25
P00526,F,District_006,1942-06-25
P00527,M,District_003,1966-03-07
P00528,F,District_040,1992-01-14
P00529,M,District_009,1974-08-08
P00530,M,District_014,1995-10-02
P00531,F,District_022,1935-05-21
P00532,M,District_016,2006-05-15
P00533,M,District_004,2010-07-28
P00534,F,District_010,1966-09-14
P00535,M,District_021,1997-09-28
P00536,F,District_019,1955-06-26
P00537,M,District_032,2011-07-31
P00538,F,District_014,1957-07-19
P00539,M,District_038,2014-11-28
P00540,M,District_013,2020-02-15
P00541,M,District_014,1980-04-18
P00542,M,District_038,2002-01-31
P00543,F,District_034,1961-03-05
P00544,M,District_014,2014-05-21
P00545,F,District_017,2022-09-11
P00546,F,District_034,1963-05-09
P00547,F,District_004,1981-06-09
P00548,M,District_013,1973-01-29
P00549,M,District_023,1958-10-09
P00550,F,District_033,2011-12-24
P00551,M,District_024,1963-11-17
P00552,M,District_021,1997-10-30
P00553,F,District_039,2004-05-04
P00554,F,District_005,1995-11-10
P00555,M,District_031,1937-11-14
P00556,M,District_006,1966-08-10
P00557,F,District_031,1965-03-22
P00558,M,District_023,1937-07-31
P00559,F,District_012,1997-09-24
P00560,M,District_023,1957-09-20
P00561,F,District_036,1960-03-09
P00562,F,District_020,1942-07-27
P00563,F,District_001,1943-08-21
P00564,M,District_003,1943-03-26
P00565,F,District_027,1982-08-20
P00566,F,District_029,1962-08-24
P00567,F,District_017,1940-04-03
P00568,M,District_011,1962-09-04
P00569,F,District_030,1999-06-30
P00570,F,District_014,1939-05-05
P00571,F,District_004,1978-10-20
P00572,M,District_017,1973-11-16
P00573,F,District_023,1966-02-25
P00574,F,District_039,1987-09-16
P00575,M,District_025,1967-08-31
P00576,M,District_010,1978-05-31
P00577,M,District_033,1969-11-25
P00578,F,District_013,1952-12-16
P00579,M,District_039,2003-08-04
P00580,M,District_014,1961-01-13
P00581,M,District_036,1987-06-07
P00582,M,District_036,1942-06-04
P00583,M,District_035,1946-05-24
P00584,M,District_002,1995-02-22
P00585,F,District_035,1959-03-04
P00586,M,District_030,1964-12-24
P00587,M,District_014,1958-06-18
P00588,M,District_021,1961-06-16
P00589,F,District_027,1962-10-12
P00590,F,District_038,1966-01-11
P00591,M,District_031,2000-09-28
P00592,M,District_019,1988-03-03
P00593,F,District_027,1939-11-27
P00594,M,District_009,1992-05-27
P00595,F,District_018,1977-04-08
P00596,F,District_031,1979-07-02
P00597,M,District_026,1936-11-24
P00598,M,District_031,1970-11-17
P00599,F,District_022,1993-05-25
P00600,F,District_016,2004-02-22
P00601,F,District_031,1979-05-30
P00602,M,District_004,1952-11-26
P00603,M,District_040,1970-03-21
P00604,M,District_038,1995-07-19
P00605,M,District_036,1972-12-05
P00606,F,District_036,1988-08-20
P00607,F,District_022,1978-10-19
P00608,M,District_021,1982-01-06
P00609,M,District_033,1992-02-05
P00610,F,District_013,1975-11-25
P00611,M,District_035,1935-06-08
P00612,M,District_010,1951-12-31
P00613,F,District_036,1934-07-18
P00614,F,District_023,1996-11-06
P00615,M,District_034,1992-04-04
P00616,F,District_021,1969-12-06
P00617,F,District_026,1946-02-06
P00618,M,District_037,1974-10-09
P00619,M,District_018,1966-09-28
P00620,F,District_011,1969-02-12
P00621,F,District_004,1961-02-06
P00622,F,District_025,1945-11-27
P00623,F,District_026,1958-11-23
P00624,M,District_027,1999-02-25
P00625,M,District_002,1998-01-10
P00626,F,District_002,1977-07-07
P00627,M,District_036,1985-11-02
P00628,F,District_029,1956-11-07
P00629,M,District_005,1972-09-26
P00630,M,District_004,1980-04-26
P00631,F,District_008,1989-11-27
P00632,F,District_032,1966-05-12
P00633,M,District_030,1961-03-14
P00634,F,District_027,1984-11-10
P00635,F,District_027,1934-01-07
P00636,F,District_035,1988-01-07
P00637,F,District_014,1994-09-15
P00638,M,District_014,2004-11-22
P00639,F,District_019,1970-09-05
P00640,F,District_040,1963-09-30
P00641,F,District_023,1951-09-23
P00642,M,District_023,2012-01-30
P00643,M,District_032,1954-11-06
P00644,M,District_009,1976-09-08
P00645,M,District_017,1997-03-20
P00646,M,District_027,2001-12-12
P00647,F,District_040,1981-12-10
P00648,F,District_008,1948-09-13
P00649,F,District_019,1995-01-14
P00650,F,District_036,1995-03-02
P00651,M,District_030,1971-01-29
P00652,F,District_026,1934-02-20
P00653,M,District_012,1963-11-20
P00654,F,District_009,1974-08-08
P00655,F,District_016,2001-06-22
P00656,F,District_012,1955-11-03
P00657,F,District_032,2000-01-05
P00658,F,District_030,1988-05-26
P00659,M,District_034,1933-02-24
P00660,F,District_008,1993-09-29
P00661,M,District_014,2005-04-15
P00662,M,District_031,1977-11-24
P00663,F,District_008,1995-12-25
P00664,M,District_007,2000-05-13
P00665,F,District_016,1966-12-08
P00666,F,District_009,1975-09-24
P00667,F,District_004,1973-03-18
P00668,M,District_014,1991-07-05
P00669,M,District_035,1972-08-17
P00670,M,District_003,1948-09-17
P00671,M,District_024,2001-05-03
P00672,F,District_024,2006-01-18
P00673,M,District_023,2017-04-07
P00674,M,District_022,1971-08-24
P00675,F,District_001,1981-07-31
P00676,F,District_003,1960-11-25
P00677,F,District_022,1946-11-10
P00678,F,District_039,1999-09-27
P00679,M,District_017,1969-08-13
P00680,F,District_020,1989-01-05
P00681,F,District_040,2017-02-18
P00682,M,District_031,1962-11-21
P00683,M,District_031,1979-09-04
P00684,M,District_022,1947-12-13
P00685,M,District_036,1975-12-11
P00686,M,District_025,2004-08-18
P00687,F,District_028,1981-01-16
P00688,M,District_031,1995-10-27
P00689,F,District_017,1949-04-28
P00690,F,District_038,1965-08-11
P00691,M,District_040,1979-06-19
P00692,M,District_025,1969-02-18
P00693,M,District_011,1971-03-06
P00694,F,District_031,1960-03-05
P00695,M,District_014,2005-08-04
P00696,F,District_024,2010-12-15
P00697,F,District_004,1992-01-08
P00698,F,District_032,2007-01-05
P00699,F,District_039,2001-02-22
P00700,F,District_004,1987-07-12
P00701,M,District_031,1985-09-21
P00702,F,District_035,2002-10-30
P00703,M,District_005,1988-08-19
P00704,M,District_012,1932-09-01
P00705,F,District_017,1964-09-23
P00706,M,District_034,1986-01-20
P00707,F,District_021,1974-05-06
P00708,M,District_007,1988-10-12
P00709,F,District_012,1939-05-14
P00710,F,District_020,1975-04-20
P00711,F,District_002,1971-06-26
P00712,M,District_027,1935-01-22
P00713,F,District_001,1932-01-15
P00714,M,District_031,1953-07-28
P00715,F,District_031,1986-07-13
P00716,M,District_035,1992-10-14
P00717,F,District_008,1966-03-21
P00718,F,District_026,1992-01-28
P00719,F,District_031,1960-05-06
P00720,F,District_022,1969-10-20
P00721,M,District_007,1990-06-26
P00722,M,District_004,1987-03-18
P00723,F,District_026,1966-12-17
P00724,F,District_021,1981-05-31
P00725,F,District_037,1973-05-07
P00726,M,District_034,1959-06-21
P00727,M,District_030,1987-05-13
P00728,M,District_040,1958-02-09
P00729,M,District_029,1970-11-17
P00730,F,District_004,1968-06-07
P00731,F,District_004,2006-03-17
P00732,M,District_033,1959-03-08
P00733,F,District_015,1961-07-15
P00734,F,District_037,1999-01-03
P00735,F,District_006,1976-09-05
P00736,M,District_010,1939-07-26
P00737,M,District_031,1987-03-08
P00738,M,District_035,1967-07-26
P00739,F,District_035,1953-08-29
P00740,F,District_004,1934-06-13
P00741,F,District_016,1995-05-21
P00742,M,District_027,1963-01-13
P00743,F,District_037,1935-05-22
P00744,M,District_011,1967-10-27
P00745,M,District_026,2005-12-13
P00746,M,District_007,2009-01-13
P00747,M,District_031,1964-07-31
P00748,F,District_006,1981-10-20
P00749,M,District_040,1989-10-12
P00750,F,District_004,1980-11-24
P00751,M,District_029,1960-10-21
P00752,M,District_031,2001-03-23
P00753,M,District_012,1953-05-07
P00754,F,District_012,1974-05-28
P00755,M,District_025,1937-12-28
P00756,M,District_027,1951-05-02
P00757,M,District_030,1994-01-13
P00758,M,District_024,1962-01-30
P00759,M,District_009,2016-08-10
P00760,F,District_037,1956-05-27
P00761,F,District_008,1997-09-14
P00762,F,District_024,1976-02-12
P00763,M,District_037,1947-02-01
P00764,M,District_036,1985-10-12
P00765,F,District_008,1944-07-08
P00766,F,District_011,2012-10-07
P00767,M,District_026,2004-05-22
P00768,M,District_014,1985-09-17
P00769,M,District_031,1995-04-24
P00770,F,District_023,1972-01-09
P00771,M,District_012,1941-02-17
P00772,F,District_018,2003-10-28
P00773,F,District_029,1968-11-15
P00774,M,District_031,1947-03-11
P00775,F,District_016,1974-12-03
P00776,M,District_004,2008-08-08
P00777,F,District_015,1948-01-05
P00778,F,District_027,2022-07-22
P00779,M,District_031,1969-12-29
P00780,F,District_036,1958-01-11
P00781,F,District_039,1964-04-18
P00782,F,District_023,1988-09-03
P00783,F,District_036,1980-05-23
P00784,M,District_012,1976-05-23
P00785,F,District_023,1991-06-15
P00786,M,District_023,1998-01-16
P00787,M,District_031,1964-03-21
P00788,M,District_031,1960-09-29
P00789,F,District_013,2005-01-04
P00790,M,District_036,2003-01-16
P00791,M,District_036,1933-12-15
P00792,F,District_038,1993-09-15
P00793,M,District_019,2018-05-22
P00794,F,District_040,2003-02-16
P00795,F,District_031,1997-04-15
P00796,M,District_028,1957-06-06
P00797,F,District_019,2001-09-12
P00798,F,District_034,2020-11-27
P00799,F,District_031,1976-02-11
P00800,F,District_025,1978-06-21
P00801,M,District_040,1984-07-19
P00802,F,District_012,1933-01-09
P00803,M,District_027,1973-11-02
P00804,M,District_014,2018-10-01
P00805,F,District_019,1999-02-25
P00806,F,District_014,1991-09-21
P00807,F,District_014,2002-01-22
P00808,M,District_016,1973-02-22
P00809,F,District_003,1958-11-26
P00810,F,District_003,1970-07-18
P00811,M,District_030,1937-04-02
P00812,F,District_014,2001-07-07
P00813,F,District_001,1933-10-15
P00814,M,District_004,1964-12-16
P00815,M,District_010,1982-12-30
P00816,F,District_003,1944-10-28
P00817,F,District_038,2009-09-28
P00818,F,District_024,1970-09-13
P00819,F,District_017,1968-02-24
P00820,F,District_023,2006-06-30
P00821,F,District_005,1953-11-11
P00822,M,District_029,1984-12-02
P00823,M,District_040,1949-11-15
P00824,M,District_007,2021-09-09
P00825,M,District_007,1999-04-08
P00826,F,District_027,1997-12-14
P00827,F,District_007,1939-08-07
P00828,M,District_006,2005-07-22
P00829,F,District_028,1957-11-08
P00830,F,District_027,1986-12-11
P00831,M,District_011,2003-10-11
P00832,F,District_033,1995-11-08
P00833,F,District_004,1987-03-18
P00834,M,District_014,1944-02-02
P00835,M,District_031,2004-05-19
P00836,M,District_026,1963-04-01
P00837,F,District_026,1977-03-30
P00838,M,District_029,1973-02-15
P00839,M,District_027,1975-11-28
P00840,F,District_035,1944-01-04
P00841,M,District_024,1964-07-18
P00842,M,District_017,1965-06-17
P00843,M,District_031,1975-03-18
P00844,F,District_012,1971-07-06
P00845,M,District_031,2003-09-27
P00846,F,District_013,1971-12-27
P00847,F,District_020,2001-11-01
P00848,F,District_031,1963-12-03
P00849,F,District_027,1938-08-15
P00850,F,District_004,1936-03-23
P00851,M,District_019,1952-09-02
P00852,M,District_032,1977-05-28
P00853,F,District_040,1977-10-26
P00854,M,District_020,1982-05-31
P00855,M,District_004,1980-01-19
P00856,F,District_015,2001-09-08
P00857,M,District_021,2009-07-09
P00858,M,District_004,1944-01-16
P00859,M,District_035,1953-05-25
P00860,M,District_023,1971-08-10
P00861,M,District_018,2000-11-18
P00862,M,District_017,1962-01-24
P00863,F,District_002,2002-05-24
P00864,F,District_023,1953-12-12
P00865,M,District_020,1939-06-14
P00866,F,District_015,1998-01-13
P00867,F,District_028,2000-01-27
P00868,F,District_018,1983-10-23
P00869,M,District_024,1980-08-04
P00870,M,District_036,1991-01-07
P00871,F,District_015,2010-03-22
P00872,F,District_017,1982-06-11
P00873,F,District_035,1990-09-12
P00874,F,District_015,1983-03-30
P00875,M,District_019,1977-06-04
P00876,F,District_032,2006-06-24
P00877,M,District_025,1935-01-29
P00878,F,District_037,2003-08-18
P00879,F,District_020,1986-05-18
P00880,M,District_020,2016-12-17
P00881,F,District_003,1962-04-17
P00882,F,District_010,1988-06-16
P00883,F,District_023,1976-02-17
P00884,M,District_009,1997-09-02
P00885,F,District_019,1939-01-30
P00886,M,District_013,1980-06-05
P00887,M,District_001,1983-10-18
P00888,M,District_020,1934-11-04
P00889,M,District_027,1979-10-23
P00890,M,District_014,1981-09-13
P00891,M,District_031,1942-06-15
P00892,F,District_007,1997-02-19
P00893,M,District_004,2015-01-04
P00894,M,District_037,1984-04-29
P00895,F,District_037,2016-07-07
P00896,M,District_017,1936-05-23
P00897,F,District_018,1963-09-04
P00898,M,District_035,1973-10-04
P00899,F,District_023,1980-06-19
P00900,F,District_005,1961-03-05
P00901,F,District_005,1966-12-09
P00902,F,District_007,2020-11-22
P00903,F,District_031,1952-10-29
P00904,F,District_026,1961-10-17
P00905,M,District_013,1977-11-08
P00906,F,District_008,1993-11-15
P00907,M,District_006,1989-12-22
P00908,M,District_031,1973-08-27
P00909,F,District_036,1960-04-13
P00910,F,District_023,1992-11-05
P00911,F,District_031,2022-09-05
P00912,F,District_013,1949-01-11
P00913,F,District_025,1996-11-01
P00914,M,District_019,2001-01-06
P00915,M,District_004,1959-06-30
P00916,F,District_021,1997-04-12
P00917,M,District_034,2015-09-06
P00918,F,District_003,2014-09-05
P00919,M,District_020,1952-08-11
P00920,M,District_035,1990-11-16
P00921,F,District_031,1970-09-08
P00922,M,District_021,1957-02-09
P00923,M,District_008,1969-12-31
P00924,F,District_035,1966-06-07
P00925,F,District_008,1975-04-26
P00926,M,District_012,1984-11-11
P00927,F,District_006,1964-11-22
P00928,F,District_019,1949-06-14
P00929,M,District_027,1966-10-14
P00930,F,District_033,1998-01-10
P00931,F,District_020,1988-10-24
P00932,M,District_040,1953-11-15
P00933,F,District_025,1989-09-03
P00934,M,District_026,1956-09-02
P00935,M,District_009,2007-11-05
P00936,F,District_009,1972-05-04
P00937,M,District_024,1953-08-28
P00938,M,District_030,1993-06-23
P00939,F,District_010,2003-10-06
P00940,M,District_021,1951-11-28
P00941,M,District_015,2005-12-10
P00942,M,District_019,1981-12-13
P00943,F,District_011,1963-02-19
P00944,F,District_007,2001-09-27
P00945,M,District_014,1975-09-13
P00946,M,District_035,1982-06-04
P00947,M,District_032,1987-11-29
P00948,F,District_004,1934-05-27
P00949,M,District_004,2020-06-25
P00950,F,District_021,1997-03-19
P00951,F,District_012,1975-11-19
P00952,M,District_033,1946-12-26
P00953,F,District_021,1974-03-25
P00954,M,District_035,1957-08-19
P00955,F,District_004,1992-12-10
P00956,M,District_040,1978-06-12
P00957,M,District_031,1941-07-16
P00958,F,District_031,1938-01-19
P00959,M,District_038,1961-01-22
P00960,M,District_020,1978-06-19
P00961,F,District_007,2004-11-04
P00962,M,District_021,2019-04-05
P00963,M,District_033,1941-10-20
P00964,F,District_035,1936-03-02
P00965,M,District_021,1984-05-27
P00966,F,District_031,1986-08-25
P00967,F,District_012,1998-01-09
P00968,F,District_011,1997-06-28
P00969,M,District_025,1976-08-14
P00970,M,District_018,1971-10-26
P00971,F,District_008,2003-05-11
P00972,F,District_031,1959-09-26
P00973,F,District_023,1955-11-08
P00974,M,District_023,1997-11-19
P00975,F,District_009,1981-05-12
P00976,F,District_011,1958-01-30
P00977,F,District_029,1996-10-01
P00978,F,District_035,1968-10-14
P00979,M,District_009,1967-05-24
P00980,M,District_032,1983-11-11
P00981,F,District_031,1984-11-30
P00982,F,District_033,1944-05-14
P00983,F,District_025,1996-06-24
P00984,M,District_015,1970-12-22
P00985,F,District_031,1965-10-07
P00986,F,District_020,1936-10-21
P00987,M,District_011,1976-04-28
P00988,F,District_017,1938-05-04
P00989,M,District_019,1968-04-04
P00990,F,District_022,2003-11-27
P00991,F,District_036,2005-02-26
P00992,M,District_018,1997-10-17
P00993,F,District_013,2000-01-05
P00994,F,District_039,2004-02-18
P00995,M,District_011,1999-07-19
P00996,F,District_001,1982-03-21
P00997,M,District_035,2012-05-02
P00998,F,District_039,2001-03-25
P00999,M,District_029,1964-12-26
P01000,M,District_017,1968-12-02
P01001,F,District_023,1938-02-05
P01002,M,District_033,1973-03-22
P01003,M,District_036,1956-05-22
P01004,F,District_004,1971-09-10
P01005,F,District_035,1978-08-01
P01006,M,District_026,1943-08-12
P01007,M,District_002,2022-07-27
P01008,M,District_004,1958-05-17
P01009,M,District_003,1961-03-31
P01010,M,District_038,1991-08-15
P01011,M,District_019,1963-03-04
P01012,M,District_030,2002-11-29
P01013,M,District_001,2014-03-13
P01014,M,District_031,2009-04-30
P01015,F,District_021,1994-06-29
P01016,M,District_037,2006-08-18
P01017,F,District_023,1962-08-19
P01018,M,District_031,1963-08-24
P01019,M,District_027,1985-01-21
P01020,M,District_023,1965-12-23
P01021,F,District_038,2020-05-15
P01022,M,District_021,2004-01-06
P01023,F,District_036,1962-06-17
P01024,M,District_002,1935-05-14
P01025,M,District_028,2005-05-28
P01026,F,District_036,1990-07-01
P01027,F,District_036,1967-05-18
P01028,M,District_021,1948-02-07
P01029,F,District_020,1988-04-16
P01030,M,District_032,1980-02-26
P01031,M,District_014,2010-06-14
P01032,M,District_037,1974-03-25
P01033,F,District_012,1945-02-16
P01034,F,District_004,1959-10-17
P01035,M,District_031,2000-02-23
P01036,M,District_017,1960-04-26
P01037,F,District_015,1945-07-24
P01038,M,District_014,1992-03-25
P01039,F,District_040,1951-11-02
P01040,F,District_024,1980-04-22
P01041,M,District_040,1992-06-05
P01042,M,District_015,1966-02-11
P01043,M,District_018,1994-05-20
P01044,F,District_011,1955-06-25
P01045,F,District_019,1962-06-24
P01046,M,District_003,1998-06-13
P01047,M,District_001,2000-02-11
P01048,F,District_019,1962-03-21
P01049,M,District_031,2002-11-29
P01050,F,District_019,1964-06-21
P01051,M,District_022,1993-09-19
P01052,M,District_019,1984-11-02
P01053,F,District_023,1976-02-20
P01054,F,District_031,2011-02-24
P01055,M,District_032,1973-01-24
P01056,M,District_034,1960-08-11
P01057,F,District_011,1997-07-30
P01058,F,District_019,1977-03-24
P01059,M,District_033,1968-10-23
P01060,F,District_038,1956-12-13
P01061,M,District_023,1999-08-02
P01062,M,District_021,1986-05-17
P01063,F,District_031,1966-07-19
P01064,M,District_040,1963-10-17
P01065,M,District_019,1960-06-26
P01066,M,District_008,1968-01-23
P01067,M,District_034,1967-09-24
P01068,F,District_030,2006-08-08
P01069,F,District_007,1972-09-09
P01070,F,District_014,1986-09-16
P01071,F,District_023,2006-05-07
P01072,F,District_031,1970-08-18
P01073,F,District_031,1975-05-21
P01074,M,District_008,1982-12-25
P01075,F,District_011,1943-05-06
P01076,M,District_031,1965-11-24
P01077,M,District_005,1964-08-17
P01078,F,District_021,1952-02-18
P01079,M,District_023,2006-09-01
P01080,F,District_014,1970-04-22
P01081,M,District_031,2002-08-26
P01082,M,District_003,1998-02-06
P01083,M,District_031,1998-01-19
P01084,M,District_027,1984-02-05
P01085,M,District_022,1971-08-11
P01086,M,District_035,2003-09-09
P01087,M,District_010,1958-05-25
P01088,F,District_032,2006-03-09
P01089,M,District_009,2001-06-25
P01090,M,District_040,1948-04-07
P01091,F,District_002,1976-02-17
P01092,M,District_023,1934-04-02
P01093,M,District_008,1970-08-20
P01094,M,District_017,2011-10-03
P01095,F,District_007,1975-07-28
P01096,M,District_009,1967-06-07
P01097,M,District_003,2021-02-28
P01098,F,District_001,1951-09-15
P01099,M,District_030,1969-11-04
P01100,M,District_019,1960-09-08
P01101,F,District_003,1971-05-31
P01102,M,District_037,1962-10-09
P01103,F,District_028,2005-08-09
P01104,M,District_012,1951-10-01
P01105,M,District_019,1989-01-07
P01106,F,District_021,1993-06-28
P01107,M,District_024,2015-04-14
P01108,F,District_035,1964-06-26
P01109,F,District_025,1955-12-30
P01110,M,District_040,1939-09-28
P01111,F,District_030,1960-03-01
P01112,F,District_040,1938-06-29
P01113,F,District_023,1972-04-20
P01114,M,District_029,1997-03-29
P01115,M,District_031,1958-06-11
P01116,F,District_031,2011-06-06
P01117,F,District_001,1980-10-07
P01118,F,District_006,1980-10-03
P01119,F,District_011,1994-11-08
P01120,F,District_012,1954-09-15
P01121,M,District_036,1952-05-17
P01122,M,District_030,1999-01-29
P01123,F,District_007,1961-07-25
P01124,M,District_019,1999-05-28
P01125,M,District_011,1997-02-21
P01126,F,District_033,1982-04-29
P01127,F,District_037,2003-09-29
P01128,M,District_008,1988-09-21
P01129,F,District_018,1991-05-15
P01130,M,District_038,1978-09-18
P01131,M,District_028,1993-10-03
P01132,M,District_035,1944-05-30
P01133,F,District_015,1982-05-14
P01134,F,District_011,1978-10-01
P01135,M,District_029,1963-12-16
P01136,F,District_007,1987-03-28
P01137,F,District_034,1960-08-12
P01138,M,District_031,2008-05-15
P01139,F,District_014,1963-10-31
P01140,M,District_021,1972-09-09
P01141,M,District_032,1965-05-25
P01142,M,District_037,1973-11-17
P01143,F,District_015,1992-09-08
P01144,M,District_031,1994-04-14
P01145,M,District_009,1978-03-26
P01146,F,District_036,1966-08-26
P01147,M,District_029,2008-11-21
P01148,F,District_007,1983-12-24
P01149,F,District_031,1961-06-12
P01150,M,District_030,2002-04-23
P01151,F,District_031,2011-05-31
P01152,F,District_015,1972-08-07
P01153,M,District_031,1990-12-24
P01154,F,District_033,1945-10-11
P01155,M,District_015,1951-12-20
P01156,F,District_010,1932-07-17
P01157,M,District_036,1981-09-11
P01158,M,District_027,1990-12-07
P01159,F,District_020,1977-05-24
P01160,M,District_036,1974-08-19
P01161,F,District_007,1973-01-15
P01162,F,District_032,1978-08-02
P01163,F,District_021,2016-11-29
P01164,F,District_003,2006-04-19
P01165,F,District_040,1990-04-20
P01166,M,District_031,1979-01-28
P01167,M,District_011,1943-04-25
P01168,M,District_037,2016-08-22
P01169,M,District_037,1974-05-02
P01170,F,District_032,1935-03-17
P01171,F,District_006,2004-06-27
P01172,F,District_009,1959-03-18
P01173,M,District_031,1973-01-14
P01174,M,District_036,2003-04-02
P01175,F,District_011,1997-07-02
P01176,F,District_020,1957-07-06
P01177,F,District_008,1977-03-02
P01178,M,District_020,1953-02-17
P01179,F,District_027,1939-09-29
P01180,M,District_001,1983-12-30
P01181,F,District_027,1973-03-13
P01182,F,District_027,1965-10-07
P01183,F,District_019,1970-01-03
P01184,M,District_036,1969-12-19
P01185,M,District_007,1971-02-04
P01186,F,District_003,1934-04-29
P01187,F,District_021,1992-09-13
P01188,F,District_023,1967-12-21
P01189,F,District_012,1982-02-27
P01190,F,District_039,1964-11-19
P01191,F,District_012,1975-11-29
P01192,M,District_012,1974-03-19
P01193,M,District_032,1997-04-29
P01194,M,District_037,1976-11-16
P01195,M,District_023,1987-08-31
P01196,M,District_001,1993-05-03
P01197,M,District_015,2006-05-06
P01198,F,District_011,1947-08-23
P01199,F,District_022,1983-08-05
P01200,F,District_029,1934-12-03
P01201,M,District_017,1979-12-30
P01202,F,District_023,1959-01-14
P01203,F,District_031,1965-10-09
P01204,M,District_012,1959-01-29
P01205,M,District_010,1958-12-17
P01206,M,District_032,1965-01-05
P01207,M,District_002,1947-07-31
P01208,M,District_007,1958-03-13
P01209,M,District_001,2016-03-01
P01210,F,District_023,2003-08-27
P01211,M,District_026,1975-04-08
P01212,M,District_023,1966-09-02
P01213,F,District_018,1977-03-20
P01214,M,District_023,1975-01-17
P01215,M,District_009,2000-03-13
P01216,M,District_033,1967-04-12
P01217,M,District_040,1968-08-19
P01218,F,District_023,1967-11-24
P01219,F,District_016,1967-07-02
P01220,F,District_031,1932-11-15
P01221,M,District_009,1973-06-30
P01222,M,District_014,1945-02-18
P01223,M,District_038,1989-11-21
P01224,M,District_009,1972-02-08
P01225,M,District_005,1974-05-28
P01226,F,District_023,2006-12-15
P01227,F,District_025,1998-04-14
P01228,F,District_025,1973-01-01
P01229,M,District_008,2002-05-23
P01230,F,District_030,1950-06-30
P01231,M,District_011,1987-04-05
P01232,M,District_038,1983-08-18
P01233,F,District_011,1967-11-20
P01234,M,District_001,2006-08-13
P01235,M,District_024,1985-03-30
P01236,M,District_010,1974-01-18
P01237,F,District_027,1976-10-18
P01238,F,District_011,1990-08-26
P01239,F,District_019,1969-02-15
P01240,M,District_009,1971-09-10
P01241,M,District_019,1958-10-04
P01242,M,District_007,2005-03-04
P01243,M,District_014,2006-07-06
P01244,F,District_010,1942-06-03
P01245,M,District_033,1969-07-08
P01246,F,District_030,2010-05-26
P01247,F,District_008,1956-09-25
P01248,M,District_004,1995-04-10
P01249,M,District_001,1975-08-23
P01250,M,District_011,1977-06-24
P01251,M,District_020,1945-10-26
P01252,F,District_017,1938-12-28
P01253,F,District_040,2003-06-08
P01254,F,District_031,1961-11-12
P01255,M,District_004,1992-02-03
P01256,F,District_008,1968-01-17
P01257,F,District_002,1959-09-09
P01258,F,District_007,2018-09-18
P01259,M,District_023,2019-07-01
P01260,M,District_004,2011-10-20
P01261,F,District_003,2004-02-22
P01262,F,District_006,1981-11-25
P01263,M,District_028,1936-07-20
P01264,M,District_001,1958-10-25
P01265,F,District_040,1968-03-04
P01266,F,District_016,1941-11-10
P01267,M,District_014,1960-07-23
P01268,M,District_020,2004-03-03
P01269,F,District_022,1950-07-25
P01270,M,District_018,1968-10-26
P01271,M,District_021,1965-11-05
P01272,F,District_014,1940-05-26
P01273,F,District_014,1959-11-18
P01274,M,District_002,1968-08-25
P01275,M,District_028,1953-05-23
P01276,F,District_026,2002-08-16
P01277,M,District_028,1937-03-06
P01278,F,District_038,2016-04-25
P01279,M,District_020,2013-11-13
P01280,F,District_036,1966-03-09
P01281,F,District_019,2010-02-03
P01282,F,District_020,1952-10-20
P01283,M,District_027,2020-08-24
P01284,M,District_011,1963-08-11
P01285,M,District_011,1994-07-30
P01286,F,District_022,1936-07-16
P01287,M,District_003,2004-02-10
P01288,F,District_011,2018-05-09
P01289,M,District_031,2008-02-09
P01290,F,District_020,1961-08-27
P01291,M,District_002,1956-06-24
P01292,F,District_003,1936-11-24
P01293,F,District_037,2006-09-22
P01294,M,District_039,1975-06-03
P01295,F,District_027,1981-10-31
P01296,F,District_009,1975-01-17
P01297,M,District_015,1971-09-25
P01298,F,District_014,2003-11-05
P01299,M,District_031,1966-03-23
P01300,M,District_023,1956-11-30
P01301,M,District_031,2018-09-05
P01302,F,District_015,1998-10-21
P01303,M,District_035,1988-04-23
P01304,M,District_019,1993-02-28
P01305,F,District_018,2002-10-22
P01306,M,District_021,1968-08-03
P01307,M,District_025,1994-07-11
P01308,F,District_036,1970-04-24
P01309,F,District_019,1944-08-26
P01310,M,District_037,1949-06-25
P01311,F,District_017,1971-07-03
P01312,M,District_014,1984-12-28
P01313,F,District_013,2000-06-07
P01314,F,District_001,1998-06-08
P01315,M,District_035,1954-01-05
P01316,M,District_004,1939-06-30
P01317,F,District_014,1986-02-07
P01318,M,District_012,1987-08-28
P01319,F,District_031,1974-04-23
P01320,F,District_037,1994-02-06
P01321,M,District_033,1950-11-06
P01322,F,District_014,1985-06-09
P01323,M,District_019,1997-01-31
P01324,F,District_012,1995-06-14
P01325,F,District_037,1994-02-10
P01326,F,District_006,1985-08-01
P01327,M,District_038,1939-02-13
P01328,M,District_032,1983-05-18
P01329,F,District_030,1969-07-11
P01330,F,District_031,1983-10-16
P01331,M,District_014,1981-10-31
P01332,F,District_013,2015-09-19
P01333,M,District_016,1987-04-02
P01334,M,District_009,2009-07-15
P01335,M,District_031,1982-08-13
P01336,F,District_020,1950-07-15
P01337,F,District_036,1963-08-30
P01338,F,District_036,1946-03-13
P01339,F,District_008,2003-08-13
P01340,F,District_011,1970-07-13
P01341,M,District_017,1958-06-11
P01342,F,District_006,1979-05-12
P01343,F,District_029,1984-09-02
P01344,F,District_031,1958-12-06
P01345,F,District_030,1966-04-25
P01346,M,District_020,1985-06-11
P01347,F,District_034,2003-05-11
P01348,M,District_026,1950-06-17
P01349,M,District_040,2002-06-30
P01350,F,District_033,1933-01-20
P01351,M,District_030,1942-12-13
P01352,F,District_006,1933-11-29
P01353,F,District_034,1969-01-25
P01354,M,District_014,1995-02-13
P01355,M,District_018,1964-08-04
P01356,F,District_020,1966-06-18
P01357,F,District_014,1970-07-21
P01358,F,District_004,1998-01-03
P01359,M,District_010,1992-07-19
P01360,M,District_032,2005-03-30
P01361,F,District_028,2002-08-21
P01362,M,District_038,1977-08-15
P01363,M,District_033,1953-04-30
P01364,F,District_017,1974-08-09
P01365,M,District_031,1976-12-27
P01366,M,District_024,2006-10-30
P01367,F,District_013,1983-02-18
P01368,M,District_040,2002-08-21
P01369,M,District_037,1991-11-26
P01370,M,District_005,2021-01-24
P01371,F,District_034,1979-01-03
P01372,M,District_004,2000-07-03
P01373,M,District_037,1963-05-18
P01374,M,District_027,2013-04-01
P01375,F,District_008,1984-12-08
P01376,M,District_033,2013-09-15
P01377,M,District_022,1967-06-11
P01378,F,District_003,1962-06-15
P01379,F,District_032,1983-09-04
P01380,M,District_031,1997-01-01
P01381,M,District_021,1933-01-19
P01382,M,District_031,1958-05-22
P01383,F,District_003,1963-04-02
P01384,M,District_014,1959-07-27
P01385,F,District_028,1955-07-01
P01386,M,District_011,1943-07-24
P01387,F,District_019,1988-07-29
P01388,F,District_037,1959-05-03
P01389,M,District_033,2004-01-04
P01390,M,District_023,1961-03-24
P01391,F,District_024,2005-05-03
P01392,F,District_036,2017-12-28
P01393,M,District_035,1939-06-29
P01394,M,District_004,1950-01-18
P01395,F,District_020,1982-08-09
P01396,M,District_009,1933-06-15
P01397,F,District_004,2003-09-06
P01398,M,District_013,2000-10-24
P01399,F,District_026,1956-04-19
P01400,F,District_031,1986-09-09
P01401,M,District_036,1981-06-01
P01402,F,District_018,1965-05-30
P01403,M,District_018,2004-02-27
P01404,F,District_008,2002-01-24
P01405,F,District_010,2006-06-13
P01406,M,District_004,1968-12-14
P01407,M,District_040,1986-06-03
P01408,F,District_006,2003-02-14
P01409,M,District_031,1961-07-11
P01410,F,District_014,2000-06-09
P01411,M,District_023,1992-03-29
P01412,F,District_035,1964-07-25
P01413,M,District_037,1967-08-04
P01414,F,District_011,1993-07-10
P01415,M,District_036,1949-02-25
P01416,M,District_012,1969-07-07
P01417,M,District_032,2000-09-04
P01418,F,District_001,1972-05-29
P01419,F,District_023,1962-04-24
P01420,F,District_030,1960-02-03
P01421,M,District_034,1961-02-10
P01422,F,District_034,1971-03-23
P01423,M,District_013,1949-03-27
P01424,F,District_035,1976-07-21
P01425,M,District_014,1950-08-29
P01426,M,District_011,1966-06-10
P01427,M,District_001,1951-04-20
P01428,M,District_011,1938-06-26
P01429,M,District_006,2006-10-18
P01430,M,District_029,1995-12-28
P01431,M,District_007,1972-12-11
P01432,M,District_025,1993-07-30
P01433,F,District_006,1977-03-19
P01434,F,District_030,1969-03-19
P01435,M,District_013,1937-03-13
P01436,M,District_014,1982-04-18
P01437,F,District_027,1972-12-24
P01438,F,District_037,1995-02-14
P01439,M,District_040,1964-01-22
P01440,F,District_015,2016-02-26
P01441,M,District_038,1967-07-24
P01442,M,District_026,1971-10-16
P01443,F,District_036,1961-02-05
P01444,F,District_002,1965-10-26
P01445,F,District_002,1979-03-21
P01446,F,District_004,2011-01-15
P01447,M,District_032,1996-02-08
P01448,M,District_007,1949-06-25
P01449,M,District_009,1955-03-04
P01450,F,District_025,1989-03-04
P01451,M,District_039,1985-01-11
P01452,F,District_024,1997-08-23
P01453,M,District_031,1977-05-17
P01454,F,District_009,1983-03-10
P01455,M,District_036,2019-10-12
P01456,M,District_003,1990-10-11
P01457,F,District_013,2006-08-12
P01458,M,District_019,2006-08-23
P01459,F,District_011,1981-04-02
P01460,F,District_028,1964-01-26
P01461,M,District_029,1977-11-05
P01462,M,District_011,2004-09-05
P01463,F,District_001,1968-01-28
P01464,F,District_004,1964-05-29
P01465,F,District_001,1969-10-19
P01466,M,District_036,1935-05-27
P01467,M,District_027,1988-02-17
P01468,F,District_007,1942-08-18
P01469,F,District_004,1972-07-09
P01470,M,District_033,1964-05-23
P01471,M,District_032,1981-03-01
P01472,F,District_037,2006-06-09
P01473,M,District_008,2011-01-18
P01474,F,District_023,1935-04-02
P01475,F,District_006,1969-07-31
P01476,M,District_031,1985-07-08
P01477,M,District_018,1970-04-22
P01478,F,District_029,2020-12-07
P01479,M,District_002,1983-10-12
P01480,M,District_031,1971-10-08
P01481,M,District_011,1962-03-15
P01482,M,District_034,1971-03-08
P01483,M,District_009,1970-03-08
P01484,M,District_031,1964-11-24
P01485,F,District_007,1949-09-16
P01486,M,District_028,2010-09-10
P01487,F,District_031,1977-12-24
P01488,M,District_017,1977-09-29
P01489,F,District_011,2005-07-28
P01490,F,District_015,2000-02-13
P01491,M,District_013,2006-10-31
P01492,F,District_027,1996-02-22
P01493,F,District_003,1977-03-09
P01494,F,District_003,1985-11-05
P01495,M,District_013,1974-09-28
P01496,F,District_012,1978-07-18
P01497,F,District_009,2010-01-22
P01498,M,District_030,1987-03-22
P01499,M,District_001,1984-01-13
P01500,M,District_037,1937-09-09
P01501,F,District_031,1982-02-04
P01502,M,District_017,1991-01-19
P01503,M,District_035,1989-05-28
P01504,M,District_026,1993-11-06
P01505,M,District_024,1965-09-26
P01506,F,District_014,1970-11-16
P01507,M,District_028,2004-03-13
P01508,M,District_007,1959-09-10
P01509,F,District_023,1964-04-20
P01510,F,District_005,1939-09-27
P01511,F,District_019,1972-01-11
P01512,M,District_026,1984-03-25
P01513,F,District_008,1967-08-18
P01514,M,District_011,1956-07-11
P01515,M,District_032,1979-12-12
P01516,F,District_012,1932-11-13
P01517,F,District_004,1935-01-03
P01518,F,District_014,1993-03-10
P01519,F,District_037,1973-03-02
P01520,M,District_029,1977-05-12
P01521,M,District_024,1963-10-14
P01522,M,District_034,1960-11-24
P01523,M,District_028,1955-04-13
P01524,F,District_032,1964-09-02
P01525,M,District_028,1978-01-01
P01526,F,District_035,2011-12-25
P01527,F,District_027,2007-06-13
P01528,F,District_012,1932-03-01
P01529,F,District_003,1974-08-22
P01530,M,District_004,2016-01-03
P01531,M,District_022,1939-08-16
P01532,F,District_040,1935-04-10
P01533,F,District_031,1970-10-04
P01534,M,District_031,2008-05-25
P01535,M,District_028,1977-09-23
P01536,M,District_036,2015-03-24
P01537,F,District_031,1978-07-20
P01538,F,District_012,1972-12-17
P01539,M,District_021,1944-10-03
P01540,M,District_017,1994-08-26
P01541,F,District_008,1947-07-16
P01542,F,District_011,1938-09-25
P01543,F,District_013,2015-06-06
P01544,M,District_009,1986-01-15
P01545,F,District_011,1967-04-18
P01546,M,District_036,1958-09-10
P01547,M,District_015,1993-04-29
P01548,F,District_033,1962-01-14
P01549,F,District_003,1965-10-05
P01550,F,District_040,1961-10-09
P01551,F,District_031,1960-12-18
P01552,M,District_036,2001-02-28
P01553,M,District_023,1998-03-04
P01554,F,District_027,1998-08-03
P01555,M,District_015,1945-02-17
P01556,F,District_019,1945-05-09
P01557,M,District_031,1977-01-09
P01558,M,District_003,1981-01-30
P01559,F,District_002,1960-01-17
P01560,M,District_035,1989-08-11
P01561,M,District_005,1998-05-15
P01562,F,District_030,1983-11-02
P01563,M,District_010,1950-02-09
P01564,F,District_015,1998-09-07
P01565,F,District_013,1958-07-22
P01566,M,District_021,1933-05-30
P01567,F,District_033,1966-03-20
P01568,F,District_035,2020-04-09
P01569,F,District_011,1954-01-18
P01570,F,District_014,1958-04-16
P01571,F,District_034,2000-03-17
P01572,F,District_004,1964-06-07
P01573,M,District_005,1948-08-03
P01574,F,District_020,1993-02-02
P01575,M,District_031,1958-08-17
P01576,M,District_014,1990-05-20
P01577,F,District_003,2016-09-17
P01578,M,District_039,1969-07-09
P01579,M,District_037,2001-08-21
P01580,M,District_028,1991-09-30
P01581,M,District_029,1990-03-08
P01582,F,District_037,2005-03-27
P01583,F,District_027,1995-04-21
P01584,M,District_031,1965-12-02
P01585,M,District_020,2006-10-02
P01586,M,District_011,1978-10-14
P01587,M,District_034,1935-04-18
P01588,F,District_029,1941-02-10
P01589,F,District_013,2007-08-17
P01590,M,District_027,1992-09-03
P01591,F,District_033,2009-06-12
P01592,M,District_012,2022-01-06
P01593,M,District_031,1984-08-19
P01594,F,District_003,1936-09-22
P01595,F,District_027,1976-06-25
P01596,M,District_040,2001-02-01
P01597,M,District_035,1939-04-11
P01598,M,District_035,1980-06-26
P01599,F,District_029,1984-04-10
P01600,F,District_020,1992-12-27
P01601,F,District_029,1989-04-02
P01602,F,District_014,1944-11-27
P01603,F,District_023,1990-08-12
P01604,M,District_023,1962-08-27
P01605,F,District_023,2006-04-24
P01606,M,District_018,1952-10-06
P01607,M,District_015,1976-10-06
P01608,M,District_014,1962-02-13
P01609,M,District_011,1986-07-11
P01610,F,District_019,1956-04-06
P01611,M,District_006,1975-06-04
P01612,F,District_036,2000-05-20
P01613,F,District_003,1951-04-27
P01614,M,District_034,2015-05-04
P01615,F,District_011,1993-02-03
P01616,F,District_035,1970-03-21
P01617,M,District_030,2003-09-13
P01618,F,District_037,1988-11-01
P01619,F,District_035,1984-02-28
P01620,F,District_029,1988-08-19
P01621,F,District_007,2010-09-10
P01622,M,District_023,1980-11-22
P01623,M,District_014,1936-06-14
P01624,F,District_036,1964-06-29
P01625,M,District_035,1977-03-05
P01626,M,District_014,1997-04-03
P01627,M,District_028,1969-04-13
P01628,M,District_014,1986-06-19
P01629,M,District_029,1982-02-21
P01630,M,District_026,1965-01-08
P01631,M,District_022,1997-03-10
P01632,F,District_036,1962-08-27
P01633,F,District_012,1939-09-24
P01634,F,District_032,1938-01-01
P01635,M,District_029,1990-01-04
P01636,F,District_013,1988-04-09
P01637,M,District_018,1997-01-24
P01638,F,District_003,1970-03-20
P01639,M,District_025,1950-07-28
P01640,F,District_036,1951-11-11
P01641,F,District_006,1988-12-15
P01642,F,District_007,1948-03-18
P01643,M,District_020,1975-09-14
P01644,F,District_013,1957-08-16
P01645,F,District_012,1960-03-02
P01646,M,District_027,1994-07-10
P01647,M,District_017,2014-01-19
P01648,M,District_034,1934-06-16
P01649,M,District_019,2004-03-04
P01650,F,District_026,1979-11-18
P01651,M,District_017,1986-08-10
P01652,F,District_012,1988-10-27
P01653,M,District_020,1946-12-12
P01654,M,District_030,2012-01-06
P01655,F,District_038,2001-06-27
P01656,F,District_003,1971-08-26
P01657,M,District_023,1958-08-17
P01658,M,District_027,1999-10-07
P01659,M,District_004,2012-11-18
P01660,M,District_033,1980-02-03
P01661,M,District_012,1990-11-24
P01662,F,District_035,2018-08-14
P01663,M,District_023,1982-11-07
P01664,F,District_007,1961-01-27
P01665,M,District_031,1943-10-19
P01666,M,District_008,1955-08-12
P01667,F,District_030,1994-04-01
P01668,M,District_032,1995-06-08
P01669,M,District_024,1953-08-15
P01670,F,District_012,1969-06-10
P01671,M,District_019,1974-07-26
P01672,M,District_023,1987-09-19
P01673,F,District_028,1995-05-29
P01674,F,District_027,1963-08-22
P01675,F,District_017,1968-01-17
P01676,M,District_031,2012-07-16
P01677,F,District_031,1938-03-31
P01678,F,District_029,1974-10-08
P01679,M,District_012,1969-05-11
P01680,M,District_020,1985-06-11
P01681,M,District_019,1966-04-05
P01682,M,District_033,1973-07-17
P01683,F,District_032,1983-04-15
P01684,F,District_035,1974-12-11
P01685,M,District_011,1958-04-25
P01686,F,District_031,1939-04-02
P01687,F,District_035,1998-07-04
P01688,M,District_008,1952-12-20
P01689,F,District_003,1980-06-09
P01690,M,District_004,1992-03-22
P01691,M,District_026,1983-07-18
P01692,M,District_018,1983-11-29
P01693,F,District_010,2005-08-10
P01694,F,District_023,1964-01-05
P01695,M,District_031,1971-09-26
P01696,M,District_035,1980-06-22
P01697,F,District_031,1952-08-25
P01698,F,District_036,2006-04-16
P01699,M,District_026,1964-07-29
P01700,F,District_034,1943-08-15
P01701,F,District_018,1943-06-05
P01702,F,District_035,1972-06-07
P01703,F,District_036,1968-07-03
P01704,F,District_029,1979-09-30
P01705,F,District_019,2011-11-24
P01706,M,District_013,1978-04-24
P01707,F,District_014,1998-08-30
P01708,F,District_007,1981-05-23
P01709,F,District_003,1996-08-17
P01710,M,District_018,1933-02-24
P01711,F,District_003,1935-04-19
P01712,F,District_036,1953-08-07
P01713,M,District_028,1958-09-02
P01714,M,District_034,1989-04-03
P01715,M,District_019,2011-12-31
P01716,F,District_011,1966-12-11
P01717,F,District_013,1973-12-02
P01718,F,District_035,1978-08-28
P01719,M,District_006,2004-07-04
P01720,F,District_029,1961-09-17
P01721,F,District_011,2001-10-25
P01722,F,District_015,1984-09-09
P01723,M,District_001,1995-07-06
P01724,F,District_020,1973-09-15
P01725,F,District_006,1951-06-07
P01726,M,District_035,1971-08-16
P01727,M,District_004,1959-01-27
P01728,M,District_012,1937-01-04
P01729,M,District_001,1987-05-08
P01730,F,District_040,1965-06-13
P01731,M,District_027,1969-12-21
P01732,F,District_027,1959-05-20
P01733,M,District_023,2018-08-16
P01734,F,District_035,1933-09-18
P01735,M,District_007,1948-03-18
P01736,M,District_031,2017-12-17
P01737,F,District_032,1993-09-28
P01738,F,District_002,1985-03-25
P01739,M,District_007,1963-01-30
P01740,F,District_023,1962-06-28
P01741,M,District_004,2005-06-22
P01742,F,District_013,1953-01-14
P01743,M,District_017,1982-11-29
P01744,M,District_008,1978-07-10
P01745,F,District_030,2004-10-05
P01746,M,District_021,1959-07-12
P01747,M,District_027,1972-02-06
P01748,M,District_020,1978-05-29
P01749,M,District_018,1978-01-05
P01750,M,District_021,1941-07-01
P01751,F,District_036,1974-02-20
P01752,F,District_017,1937-11-01
P01753,F,District_027,1975-09-07
P01754,M,District_034,1971-09-25
P01755,M,District_027,1988-03-27
P01756,F,District_011,1976-06-28
P01757,M,District_006,1996-10-12
P01758,F,District_025,2011-10-31
P01759,M,District_030,2005-08-14
P01760,M,District_031,2017-11-06
P01761,M,District_029,1957-04-22
P01762,M,District_001,1940-02-27
P01763,M,District_031,1976-01-14
P01764,F,District_026,1999-10-08
P01765,M,District_040,1944-07-25
P01766,F,District_031,1973-07-02
P01767,M,District_019,2001-07-05
P01768,M,District_029,1961-07-20
P01769,F,District_026,1962-10-13
P01770,F,District_014,2021-11-22
P01771,F,District_023,1960-08-07
P01772,M,District_010,1968-11-29
P01773,F,District_004,2003-12-10
P01774,M,District_031,1980-06-24
P01775,F,District_017,1971-02-23
P01776,M,District_031,1971-06-19
P01777,M,District_021,1954-12-24
P01778,F,District_032,1934-03-01
P01779,M,District_031,1972-04-27
P01780,F,District_031,1966-09-13
P01781,M,District_019,1973-09-24
P01782,F,District_039,1960-02-08
P01783,M,District_017,2011-07-13
P01784,F,District_031,1967-11-12
P01785,M,District_021,1971-09-22
P01786,F,District_011,1964-09-27
P01787,M,District_027,1945-08-08
P01788,F,District_020,1959-08-29
P01789,F,District_012,1987-06-17
P01790,M,District_016,2022-09-06
P01791,F,District_008,2010-05-13
P01792,F,District_040,2002-07-06
P01793,M,District_027,1998-01-23
P01794,F,District_009,1994-03-05
P01795,M,District_031,2001-09-02
P01796,F,District_026,1979-12-18
P01797,M,District_030,1958-06-02
P01798,M,District_025,1974-08-31
P01799,F,District_003,1998-02-06
P01800,F,District_010,1996-08-06
P01801,M,District_031,1987-09-19
P01802,M,District_031,1990-08-31
P01803,F,District_031,1987-02-21
P01804,F,District_001,2022-11-21
P01805,F,District_032,1992-01-18
P01806,M,District_019,1952-10-08
P01807,M,District_029,1973-02-26
P01808,F,District_012,1937-06-17
P01809,M,District_031,2003-06-09
P01810,M,District_040,2007-10-20
P01811,M,District_012,1945-04-13
P01812,F,District_031,1985-05-10
P01813,F,District_026,1967-07-11
P01814,F,District_012,1953-07-18
P01815,M,District_013,1962-05-29
P01816,F,District_031,1996-07-13
P01817,F,District_013,1963-01-12
P01818,M,District_003,2019-12-18
P01819,M,District_035,1980-10-02
P01820,F,District_025,2018-02-25
P01821,F,District_031,1932-03-18
P01822,F,District_026,1970-08-27
P01823,F,District_022,1986-07-01
P01824,F,District_031,1992-12-23
P01825,F,District_002,1976-10-29
P01826,F,District_014,1955-01-23
P01827,M,District_027,1995-05-13
P01828,M,District_038,2002-12-18
P01829,F,District_017,1942-03-18
P01830,M,District_040,1954-08-07
P01831,F,District_031,1942-06-08
P01832,M,District_021,2001-02-23
P01833,M,District_019,2002-03-02
P01834,M,District_007,1996-11-13
P01835,M,District_026,1990-08-21
P01836,F,District_003,1947-09-25
P01837,F,District_019,2017-02-02
P01838,F,District_011,1971-03-24
P01839,F,District_039,1949-05-10
P01840,M,District_015,1947-12-12
P01841,F,District_021,1961-03-14
P01842,F,District_016,1942-06-11
P01843,M,District_007,2016-09-24
P01844,M,District_015,1985-07-24
P01845,M,District_031,2015-07-24
P01846,M,District_027,1933-09-15
P01847,M,District_019,1943-02-04
P01848,F,District_033,2019-02-02
P01849,M,District_001,2014-12-14
P01850,F,District_033,1984-01-26
P01851,F,District_003,2001-08-07
P01852,M,District_035,1952-03-16
P01853,F,District_038,1990-03-23
P01854,F,District_033,1960-05-28
P01855,F,District_001,1971-04-06
P01856,M,District_023,1992-04-28
P01857,M,District_033,1988-02-26
P01858,F,District_023,1940-07-31
P01859,M,District_015,1975-04-08
P01860,F,District_020,1996-01-10
P01861,M,District_004,1978-01-21
P01862,F,District_021,1934-11-08
P01863,F,District_002,1937-07-04
P01864,M,District_027,1957-06-29
P01865,M,District_017,1969-05-19
P01866,F,District_009,1956-05-10
P01867,F,District_001,1998-02-26
P01868,M,District_037,1960-06-21
P01869,F,District_023,1996-04-20
P01870,F,District_027,1974-02-07
P01871,M,District_031,1939-11-26
P01872,F,District_027,1938-05-12
P01873,F,District_018,1964-08-21
P01874,F,District_027,1961-02-05
P01875,F,District_012,1939-06-15
P01876,M,District_024,1941-05-26
P01877,M,District_010,1960-04-01
P01878,F,District_036,2018-10-05
P01879,M,District_022,1994-06-17
P01880,F,District_011,1943-03-26
P01881,F,District_027,1964-03-24
P01882,M,District_004,1968-10-10
P01883,F,District_019,1969-03-02
P01884,M,District_035,2003-11-04
P01885,F,District_031,1988-09-27
P01886,M,District_030,1954-02-23
P01887,M,District_020,1993-05-22
P01888,F,District_019,1969-06-18
P01889,M,District_001,1962-06-12
P01890,F,District_026,1945-01-13
P01891,F,District_024,2007-10-12
P01892,F,District_001,1967-09-15
P01893,M,District_007,2001-07-07
P01894,M,District_001,1996-02-28
P01895,M,District_012,1999-06-16
P01896,M,District_001,2020-04-12
P01897,F,District_018,1933-03-09
P01898,M,District_020,1951-02-11
P01899,M,District_019,2015-07-18
P01900,M,District_010,1936-07-18
P01901,M,District_023,1970-12-03
P01902,M,District_032,1959-12-04
P01903,F,District_013,1947-07-09
P01904,M,District_014,1959-04-04
P01905,M,District_023,1994-03-02
P01906,M,District_011,2022-08-05
P01907,F,District_014,1960-06-07
P01908,F,District_019,1935-03-12
P01909,M,District_017,1958-09-07
P01910,M,District_033,2004-11-05
P01911,M,District_035,2010-01-30
P01912,M,District_017,1949-06-16
P01913,M,District_019,1982-11-06
P01914,M,District_039,1958-10-02
P01915,F,District_022,1974-09-04
P01916,F,District_040,1996-10-20
P01917,M,District_031,2018-07-26
P01918,F,District_012,1998-03-11
P01919,F,District_011,1990-04-07
P01920,M,District_008,1969-02-01
P01921,F,District_032,1940-03-02
P01922,M,District_014,1987-09-11
P01923,F,District_029,1973-12-11
P01924,M,District_023,2022-11-07
P01925,F,District_033,1985-03-18
P01926,M,District_031,1974-08-30
P01927,M,District_003,1974-04-14
P01928,F,District_014,1965-07-18
P01929,F,District_023,2000-02-10
P01930,F,District_032,1974-06-30
P01931,F,District_030,1998-02-07
P01932,F,District_023,1944-10-02
P01933,F,District_032,1961-03-24
P01934,M,District_019,1932-06-24
P01935,F,District_003,1986-10-24
P01936,F,District_035,1981-10-08
P01937,F,District_023,1967-09-10
P01938,F,District_032,1995-11-07
P01939,M,District_017,1961-01-25
P01940,M,District_025,1971-10-17
P01941,M,District_014,1936-05-28
P01942,F,District_017,1978-06-07
P01943,F,District_007,1947-06-20
P01944,F,District_031,1988-05-17
P01945,M,District_013,1984-02-02
P01946,F,District_014,1962-01-13
P01947,M,District_015,2001-02-16
P01948,M,District_019,1932-07-18
P01949,M,District_024,1944-04-11
P01950,M,District_029,1956-10-26
P01951,M,District_029,1954-02-13
P01952,F,District_018,1963-10-23
P01953,F,District_020,1995-11-22
P01954,M,District_007,1955-03-06
P01955,M,District_023,2015-04-01
P01956,F,District_035,1942-11-12
P01957,F,District_020,1976-01-15
P01958,F,District_037,1970-11-22
P01959,M,District_008,1994-12-15
P01960,F,District_031,1984-01-19
P01961,F,District_030,2013-10-12
P01962,F,District_029,2005-10-08
P01963,M,District_028,1989-03-18
P01964,M,District_001,1980-05-25
P01965,F,District_031,2006-06-26
P01966,M,District_021,1958-01-06
P01967,F,District_023,2005-12-01
P01968,M,District_003,1941-01-29
P01969,M,District_009,1997-09-26
P01970,F,District_036,1963-05-20
P01971,M,District_014,1982-09-05
P01972,M,District_017,1960-09-17
P01973,F,District_009,1960-09-06
P01974,F,District_027,1961-06-11
P01975,M,District_031,1998-02-15
P01976,F,District_037,1968-11-21
P01977,M,District_024,1986-05-05
P01978,F,District_012,2002-02-22
P01979,M,District_003,1990-04-08
P01980,M,District_012,1967-01-10
P01981,M,District_027,1978-12-28
P01982,F,District_040,1977-08-22
P01983,M,District_004,2005-07-29
P01984,M,District_017,2007-06-21
P01985,M,District_028,1991-09-08
P01986,M,District_024,2014-10-01
P01987,F,District_028,1966-02-25
P01988,M,District_020,1951-10-10
P01989,F,District_012,1971-01-19
P01990,F,District_021,1995-12-20
P01991,M,District_016,2006-07-31
P01992,F,District_030,1938-05-24
P01993,M,District_008,2022-01-11
P01994,F,District_021,1987-03-29
P01995,F,District_039,1946-12-27
P01996,M,District_023,1978-04-03
P01997,F,District_011,1987-09-06
P01998,M,District_037,1993-02-22
P01999,M,District_011,1963-03-26
P02000,F,District_031,2004-10-23
P02001,F,District_005,1974-08-23
P02002,F,District_035,1993-03-08
P02003,M,District_009,1982-01-30
P02004,F,District_017,1983-05-27
P02005,M,District_039,1948-10-14
P02006,M,District_024,1999-08-13
P02007,F,District_012,1958-03-17
P02008,M,District_001,1991-05-29
P02009,F,District_001,2004-10-20
P02010,M,District_012,2001-09-19
P02011,F,District_023,1961-10-22
P02012,M,District_021,1981-07-14
P02013,F,District_037,1934-07-23
P02014,M,District_031,1957-06-18
P02015,F,District_037,1961-01-22
P02016,M,District_022,1975-05-10
P02017,M,District_019,1961-06-02
P02018,M,District_024,1960-08-21
P02019,M,District_016,1997-05-15
P02020,F,District_011,1952-01-19
P02021,F,District_034,1939-12-30
P02022,F,District_029,2005-08-27
P02023,M,District_014,1942-12-12
P02024,F,District_019,1949-10-19
P02025,F,District_011,1995-12-09
P02026,M,District_024,1936-05-30
P02027,F,District_015,1978-03-08
P02028,M,District_035,2016-01-24
P02029,F,District_023,1999-10-08
P02030,F,District_018,1961-04-21
P02031,M,District_031,1995-09-04
P02032,M,District_036,1952-09-08
P02033,M,District_033,1980-05-24
P02034,F,District_021,1978-04-29
P02035,F,District_015,1972-06-02
P02036,F,District_028,2020-11-26
P02037,F,District_033,1974-08-05
P02038,M,District_040,1990-09-19
P02039,F,District_019,1949-12-31
P02040,M,District_028,1965-12-18
P02041,M,District_013,2011-07-22
P02042,F,District_004,2007-11-27
P02043,M,District_012,1982-04-07
P02044,F,District_001,1957-12-12
P02045,M,District_022,1975-10-09
P02046,F,District_016,1986-01-07
P02047,M,District_029,1989-04-18
P02048,F,District_026,1932-06-12
P02049,F,District_008,1990-12-27
P02050,F,District_028,1969-12-17
P02051,F,District_009,1964-02-05
P02052,M,District_001,1985-03-16
P02053,F,District_040,1964-01-21
P02054,M,District_002,1996-03-13
P02055,F,District_015,1980-01-02
P02056,F,District_027,1950-03-13
P02057,F,District_016,1971-07-19
P02058,F,District_016,1950-04-24
P02059,M,District_030,1972-08-03
P02060,F,District_026,2001-04-13
P02061,M,District_022,1966-02-28
P02062,F,District_036,1963-01-12
P02063,F,District_004,1995-06-19
P02064,F,District_020,1980-09-22
P02065,M,District_011,1968-05-23
P02066,M,District_002,1968-07-03
P02067,M,District_040,2005-10-20
P02068,F,District_031,1934-04-12
P02069,F,District_011,2003-12-05
P02070,M,District_017,2003-08-08
P02071,M,District_011,1979-04-25
P02072,M,District_029,1944-01-31
P02073,F,District_015,2005-05-20
P02074,M,District_037,1969-01-09
P02075,F,District_010,1990-03-04
P02076,M,District_015,1977-10-07
P02077,F,District_037,1962-02-27
P02078,M,District_036,1987-09-02
P02079,F,District_013,1957-05-16
P02080,M,District_021,2013-10-20
P02081,M,District_036,2001-06-19
P02082,M,District_028,1963-04-29
P02083,F,District_027,1970-02-02
P02084,F,District_028,2001-01-22
P02085,M,District_037,1967-03-16
P02086,M,District_022,1994-06-12
P02087,M,District_009,1971-02-14
P02088,F,District_020,1960-11-24
P02089,F,District_030,1941-01-03
P02090,F,District_021,1993-10-19
P02091,M,District_014,1973-08-07
P02092,F,District_028,1966-02-04
P02093,F,District_019,2007-04-16
P02094,M,District_039,1981-02-25
P02095,M,District_015,1957-04-25
P02096,M,District_030,1987-05-28
P02097,F,District_023,1971-10-31
P02098,F,District_004,1986-01-03
P02099,M,District_020,1948-05-14
P02100,F,District_002,2007-05-04
P02101,M,District_031,1933-07-29
P02102,F,District_031,1962-01-19
P02103,M,District_003,2006-07-21
P02104,F,District_021,1977-10-24
P02105,M,District_039,1967-10-29
P02106,M,District_013,1979-04-23
P02107,F,District_036,1990-04-05
P02108,F,District_007,1977-10-18
P02109,F,District_001,1964-04-22
P02110,M,District_023,1995-01-03
P02111,F,District_011,1941-06-21
P02112,F,District_036,1997-01-12
P02113,M,District_028,2022-11-05
P02114,M,District_029,1977-08-07
P02115,M,District_028,1989-06-12
P02116,F,District_029,1988-08-24
P02117,M,District_031,1971-11-27
P02118,F,District_028,2005-07-18
P02119,F,District_034,1984-08-31
P02120,M,District_023,1974-10-19
P02121,F,District_015,1974-08-19
P02122,M,District_020,1946-08-02
P02123,F,District_019,1963-02-14
P02124,F,District_014,1958-07-06
P02125,M,District_018,1989-08-03
P02126,F,District_017,1958-08-12
P02127,M,District_005,1988-05-28
P02128,M,District_033,1982-09-23
P02129,F,District_031,1953-02-16
P02130,M,District_014,1976-08-02
P02131,M,District_038,1964-07-30
P02132,M,District_038,2008-12-09
P02133,F,District_035,1985-02-13
P02134,M,District_002,1971-07-15
P02135,M,District_016,1968-11-13
P02136,M,District_019,2004-10-31
P02137,F,District_030,2017-08-21
P02138,F,District_027,1987-03-24
P02139,M,District_029,1974-11-28
P02140,M,District_031,1968-11-19
P02141,M,District_038,2018-06-11
P02142,M,District_023,2015-07-04
P02143,F,District_036,1985-01-17
P02144,M,District_033,1981-04-02
P02145,F,District_014,1969-05-07
P02146,F,District_032,1983-09-02
P02147,F,District_006,1963-05-19
P02148,M,District_008,1959-06-03
P02149,F,District_040,1938-09-22
P02150,F,District_019,1943-08-20
P02151,F,District_020,1987-01-28
P02152,F,District_038,2018-06-19
P02153,M,District_015,1987-07-14
P02154,F,District_011,1963-03-18
P02155,F,District_004,2013-09-26
P02156,F,District_023,2004-10-13
P02157,M,District_010,1992-01-07
P02158,M,District_003,1986-03-14
P02159,M,District_032,1974-07-31
P02160,F,District_014,1962-01-21
P02161,F,District_024,1961-08-19
P02162,F,District_004,1943-05-01
P02163,M,District_022,1979-12-21
P02164,F,District_027,1982-04-22
P02165,F,District_019,1994-10-28
P02166,M,District_014,1960-10-05
P02167,M,District_014,1959-03-13
P02168,F,District_005,2021-10-18
P02169,M,District_005,1932-07-09
P02170,F,District_021,2007-01-31
P02171,F,District_007,1993-01-18
P02172,F,District_011,1959-07-24
P02173,M,District_008,1939-12-03
P02174,F,District_032,1972-09-19
P02175,M,District_019,1941-05-22
P02176,F,District_023,2001-09-01
P02177,M,District_025,1973-04-14
P02178,M,District_017,1934-01-04
P02179,M,District_013,1977-05-20
P02180,M,District_016,1979-05-19
P02181,M,District_023,1946-06-22
P02182,M,District_015,2006-10-25
P02183,F,District_007,1984-06-04
P02184,M,District_036,1956-01-27
P02185,F,District_031,1949-04-25
P02186,F,District_003,1951-04-03
P02187,M,District_036,1937-02-20
P02188,F,District_008,2017-08-13
P02189,M,District_004,1940-09-01
P02190,F,District_009,2005-01-12
P02191,F,District_037,1964-07-18
P02192,M,District_011,1986-04-09
P02193,M,District_031,1950-05-14
P02194,F,District_027,1960-11-17
P02195,M,District_022,1945-09-09
P02196,F,District_015,1987-09-05
P02197,F,District_004,2002-10-28
P02198,M,District_030,1980-03-23
P02199,M,District_017,2019-01-15
P02200,M,District_023,1965-01-14
P02201,F,District_003,2005-10-22
P02202,F,District_031,1977-07-21
P02203,F,District_029,2021-10-09
P02204,M,District_023,1979-12-11
P02205,F,District_021,1973-05-21
P02206,F,District_014,1981-02-22
P02207,F,District_015,1990-12-04
P02208,M,District_003,2005-05-12
P02209,F,District_029,1994-12-20
P02210,M,District_003,1968-02-29
P02211,M,District_001,1999-12-10
P02212,F,District_002,1989-07-27
P02213,F,District_010,1960-11-18
P02214,F,District_024,1960-08-04
P02215,M,District_029,1967-07-30
P02216,M,District_018,1981-06-18
P02217,F,District_017,1933-03-05
P02218,M,District_024,2005-01-03
P02219,F,District_025,1988-08-30
P02220,M,District_034,1937-01-30
P02221,M,District_033,1977-07-29
P02222,M,District_033,1965-11-19
P02223,F,District_034,1934-05-27
P02224,F,District_036,2018-04-13
P02225,M,District_023,1935-09-14
P02226,F,District_025,1959-06-01
P02227,M,District_030,1988-07-28
P02228,M,District_010,1989-11-10
P02229,M,District_015,1991-08-14
P02230,M,District_036,1947-07-30
P02231,M,District_023,1994-08-30
P02232,M,District_003,1992-02-02
P02233,F,District_017,1968-08-13
P02234,M,District_008,1961-05-18
P02235,F,District_015,1984-12-28
P02236,M,District_023,1948-09-09
P02237,M,District_022,1967-02-13
P02238,M,District_021,1952-02-11
P02239,F,District_001,2002-01-10
P02240,F,District_019,2017-12-12
P02241,M,District_002,1976-02-22
P02242,M,District_017,1982-09-26
P02243,F,District_027,1975-12-31
P02244,M,District_006,2018-11-29
P02245,M,District_036,1972-04-02
P02246,M,District_027,1952-05-30
P02247,M,District_011,1948-06-06
P02248,M,District_017,1939-02-15
P02249,M,District_004,1934-11-28
P02250,F,District_001,2002-12-02
P02251,M,District_036,2000-01-27
P02252,M,District_029,1945-05-25
P02253,M,District_031,1949-03-24
P02254,M,District_027,1937-06-24
P02255,M,District_036,1973-11-09
P02256,F,District_036,1995-06-26
P02257,F,District_003,1943-01-16
P02258,F,District_009,1948-11-20
P02259,M,District_017,1965-11-16
P02260,M,District_015,1937-08-28
P02261,F,District_023,1967-07-21
P02262,F,District_012,1946-05-17
P02263,M,District_032,1979-11-05
P02264,F,District_001,1932-01-27
P02265,F,District_031,2008-11-08
P02266,F,District_017,2007-10-21
P02267,M,District_001,1982-01-13
P02268,M,District_034,1981-08-17
P02269,M,District_019,1983-06-08
P02270,F,District_030,1938-07-27
P02271,F,District_036,1970-09-29
P02272,M,District_002,1939-07-02
P02273,M,District_012,1990-03-24
P02274,F,District_006,2010-12-28
P02275,M,District_004,1970-02-16
P02276,M,District_038,1963-10-27
P02277,M,District_032,1962-02-01
P02278,F,District_015,1936-01-16
P02279,F,District_029,1953-01-26
P02280,F,District_037,1960-05-09
P02281,M,District_011,1952-02-06
P02282,M,District_001,1959-02-23
P02283,F,District_033,1977-05-13
P02284,F,District_030,2001-02-10
P02285,F,District_008,2013-08-29
P02286,M,District_021,1991-03-04
P02287,M,District_008,1964-01-30
P02288,F,District_026,1969-05-15
P02289,M,District_027,2007-11-19
P02290,M,District_012,1965-10-15
P02291,M,District_031,1992-11-01
P02292,M,District_020,1992-06-21
P02293,F,District_030,1948-07-27
P02294,M,District_027,1981-03-06
P02295,M,District_019,1984-09-20
P02296,M,District_013,1974-11-02
P02297,M,District_010,2006-05-22
P02298,F,District_031,1974-11-12
P02299,M,District_027,1956-02-06
P02300,M,District_013,1963-12-04
P02301,F,District_039,1965-07-06
P02302,M,District_032,1994-01-20
P02303,F,District_006,1966-06-13
P02304,M,District_008,1983-03-13
P02305,F,District_023,2010-07-31
P02306,F,District_004,1946-04-01
P02307,M,District_039,1990-04-18
P02308,M,District_027,1966-06-28
P02309,M,District_003,1979-11-27
P02310,M,District_019,1938-01-12
P02311,F,District_011,1998-12-15
P02312,M,District_021,1981-08-24
P02313,M,District_012,1947-05-13
P02314,F,District_033,1985-03-27
P02315,M,District_030,1932-06-20
P02316,F,District_036,1983-08-09
P02317,F,District_010,1975-08-07
P02318,M,District_017,1952-01-11
P02319,M,District_032,1962-09-02
P02320,M,District_016,1975-02-25
P02321,M,District_016,2007-12-15
P02322,F,District_040,1972-05-06
P02323,M,District_031,1945-04-28
P02324,F,District_035,1975-05-01
P02325,F,District_017,1954-08-01
P02326,F,District_025,1971-04-25
P02327,F,District_019,1966-07-23
P02328,F,District_019,1991-05-31
P02329,M,District_006,1962-02-09
P02330,M,District_034,1932-05-01
P02331,M,District_017,1977-04-07
P02332,F,District_025,1987-01-14
P02333,M,District_035,1974-10-13
P02334,F,District_031,1970-06-01
P02335,M,District_010,1949-05-07
P02336,M,District_027,1986-04-23
P02337,F,District_021,2000-11-14
P02338,M,District_012,1981-03-30
P02339,M,District_003,1996-10-23
P02340,F,District_027,1936-08-05
P02341,M,District_031,1979-04-17
P02342,M,District_038,1967-09-28
P02343,F,District_015,2004-11-17
P02344,F,District_017,1986-04-30
P02345,F,District_008,1946-09-21
P02346,M,District_040,1971-03-07
P02347,F,District_035,2016-02-09
P02348,F,District_039,1999-08-28
P02349,F,District_021,1950-04-07
P02350,M,District_011,1932-10-12
P02351,M,District_024,1999-01-28
P02352,M,District_016,1968-10-04
P02353,M,District_015,2012-02-15
P02354,M,District_004,1973-03-20
P02355,M,District_004,1989-09-09
P02356,F,District_016,1934-03-07
P02357,F,District_037,1936-05-16
P02358,M,District_030,2007-05-03
P02359,F,District_031,1995-08-17
P02360,F,District_011,2007-10-09
P02361,M,District_031,1989-04-22
P02362,M,District_017,2018-12-13
P02363,F,District_003,1981-08-27
P02364,F,District_017,1953-11-11
P02365,F,District_007,2011-01-01
P02366,F,District_035,1949-12-30
P02367,F,District_034,2009-11-28
P02368,M,District_013,1974-01-24
P02369,M,District_026,1999-03-27
P02370,F,District_015,1948-01-06
P02371,F,District_008,1978-12-02
P02372,M,District_028,1985-01-02
P02373,F,District_031,1961-05-28
P02374,F,District_031,1966-03-18
P02375,F,District_007,1962-02-22
P02376,M,District_022,2013-09-28
P02377,F,District_001,1987-04-07
P02378,F,District_004,1936-05-10
P02379,M,District_004,1958-08-04
P02380,M,District_003,1966-07-06
P02381,M,District_014,1994-10-17
P02382,M,District_015,1988-10-26
P02383,M,District_029,1938-01-30
P02384,F,District_014,1958-04-09
P02385,F,District_007,1987-06-10
P02386,F,District_038,1933-04-23
P02387,F,District_035,1963-08-08
P02388,F,District_006,1979-10-03
P02389,F,District_015,1985-01-23
P02390,M,District_008,1960-01-06
P02391,M,District_039,2002-10-15
P02392,F,District_015,1958-03-15
P02393,M,District_004,1971-07-25
P02394,F,District_030,1984-04-18
P02395,M,District_030,1947-11-24
P02396,M,District_011,1994-07-10
P02397,F,District_014,1985-11-17
P02398,F,District_018,1967-03-11
P02399,M,District_012,1963-08-10
P02400,M,District_013,2005-09-27
P02401,M,District_032,1961-04-21
P02402,F,District_031,1947-01-19
P02403,F,District_029,1937-08-31
P02404,F,District_029,1950-04-15
P02405,M,District_023,1990-04-25
P02406,F,District_015,1990-07-07
P02407,F,District_030,1975-03-15
P02408,M,District_005,2015-11-17
P02409,F,District_007,1965-02-15
P02410,F,District_006,1982-08-07
P02411,M,District_031,1981-12-16
P02412,F,District_025,1996-01-06
P02413,M,District_019,1988-03-25
P02414,F,District_020,2002-03-10
P02415,M,District_033,1960-11-09
P02416,F,District_006,1960-04-03
P02417,M,District_016,1978-04-22
P02418,M,District_031,1993-02-06
P02419,M,District_028,1948-08-19
P02420,M,District_019,1985-01-28
P02421,M,District_011,1963-04-19
P02422,F,District_038,1973-10-01
P02423,F,District_017,1967-10-16
P02424,F,District_035,1941-02-06
P02425,F,District_031,1968-05-11
P02426,F,District_035,1948-11-19
P02427,M,District_001,1951-11-18
P02428,M,District_020,1995-03-06
P02429,M,District_012,2000-11-01
P02430,F,District_012,1998-10-14
P02431,M,District_012,2002-05-22
P02432,M,District_017,1970-02-20
P02433,M,District_017,1989-09-01
P02434,M,District_027,1996-05-04
P02435,F,District_013,2003-04-21
P02436,F,District_012,1961-05-27
P02437,M,District_015,1969-04-26
P02438,M,District_029,1942-10-10
P02439,M,District_001,1992-05-20
P02440,M,District_031,1992-12-31
P02441,M,District_014,1946-04-10
P02442,M,District_024,1962-03-18
P02443,M,District_031,1960-03-18
P02444,M,District_022,1959-12-23
P02445,F,District_027,2016-02-04
P02446,F,District_037,1949-07-27
P02447,F,District_002,1976-12-03
P02448,F,District_015,1969-06-20
P02449,M,District_037,1958-06-07
P02450,M,District_034,2000-08-08
P02451,F,District_026,1982-04-03
P02452,F,District_011,1962-06-17
P02453,M,District_014,1964-10-14
P02454,M,District_035,2014-05-20
P02455,M,District_029,1985-09-27
P02456,F,District_013,1955-11-20
P02457,F,District_007,2004-09-26
P02458,M,District_031,2002-02-05
P02459,M,District_024,1962-06-07
P02460,M,District_039,1946-09-08
P02461,M,District_017,1973-08-21
P02462,F,District_015,1956-02-23
P02463,F,District_013,1993-05-03
P02464,F,District_020,1947-03-26
P02465,F,District_014,1953-05-24
P02466,F,District_004,1977-01-04
P02467,F,District_014,1962-05-07
P02468,F,District_011,1984-08-08
P02469,M,District_033,2000-10-01
P02470,F,District_011,1993-12-16
P02471,M,District_019,2019-03-28
P02472,F,District_028,1947-01-27
P02473,F,District_007,2004-05-04
P02474,F,District_023,1959-07-09
P02475,F,District_034,1986-11-15
P02476,F,District_025,1980-05-11
P02477,M,District_021,1999-10-21
P02478,M,District_034,1981-05-19
P02479,F,District_038,1967-09-15
P02480,F,District_033,1952-02-20
P02481,F,District_017,1998-01-25
P02482,M,District_026,1936-10-08
P02483,F,District_023,1962-09-04
P02484,F,District_014,1963-01-31
P02485,M,District_019,2001-12-25
P02486,M,District_033,2013-06-27
P02487,M,District_013,1933-11-11
P02488,F,District_036,1977-07-27
P02489,F,District_040,1998-12-21
P02490,F,District_014,1955-11-12
P02491,M,District_006,2004-08-07
P02492,M,District_039,1958-12-11
P02493,F,District_008,2000-03-17
P02494,M,District_031,1953-06-05
P02495,F,District_002,2005-07-21
P02496,M,District_011,1978-07-13
P02497,F,District_012,1968-03-01
P02498,F,District_013,1984-02-28
P02499,F,District_037,1951-12-16
P02500,M,District_009,1965-04-26
P02501,F,District_009,1981-07-14
P02502,F,District_029,1987-03-23
P02503,M,District_038,1944-03-20
P02504,M,District_017,1973-04-18
P02505,M,District_031,1951-05-01
P02506,M,District_002,1990-10-16
P02507,M,District_033,1946-02-24
P02508,M,District_030,1977-04-21
P02509,F,District_036,1974-09-24
P02510,F,District_027,1995-10-10
P02511,F,District_038,2020-07-03
P02512,F,District_017,1943-08-30
P02513,F,District_031,1950-04-29
P02514,F,District_030,1999-08-07
P02515,F,District_012,1955-11-02
P02516,M,District_037,1992-08-10
P02517,M,District_031,2002-03-10
P02518,M,District_035,2013-03-04
P02519,M,District_015,1979-09-11
P02520,F,District_034,2009-03-17
P02521,F,District_014,1987-11-29
P02522,F,District_039,1983-01-08
P02523,M,District_001,1959-03-29
P02524,F,District_027,1940-12-18
P02525,M,District_005,1972-04-19
P02526,F,District_030,1992-07-05
P02527,F,District_015,1960-02-14
P02528,M,District_035,1987-10-07
P02529,F,District_035,1970-02-10
P02530,M,District_015,1974-02-18
P02531,M,District_032,2003-09-23
P02532,M,District_029,1996-07-28
P02533,M,District_019,1937-05-12
P02534,F,District_015,1943-10-07
P02535,F,District_011,1976-01-03
P02536,M,District_003,1934-10-24
P02537,F,District_022,1947-10-06
P02538,F,District_023,1996-07-03
P02539,F,District_019,1961-07-13
P02540,M,District_038,1996-12-14
P02541,F,District_001,1965-02-03
P02542,M,District_035,1980-10-06
P02543,F,District_032,1944-11-25
P02544,F,District_031,1965-06-26
P02545,F,District_023,1997-01-28
P02546,F,District_009,1982-01-01
P02547,F,District_035,2005-07-07
P02548,M,District_031,1972-02-04
P02549,F,District_034,1932-02-11
P02550,F,District_011,1993-10-31
P02551,F,District_023,2002-05-20
P02552,F,District_018,1969-03-02
P02553,M,District_027,2000-05-01
P02554,F,District_031,1967-05-08
P02555,M,District_009,2000-03-25
P02556,F,District_009,1996-07-20
P02557,F,District_003,1980-12-08
P02558,M,District_008,1955-05-14
P02559,F,District_011,1985-05-17
P02560,M,District_003,2005-02-25
P02561,F,District_015,1968-01-30
P02562,F,District_029,1940-08-31
P02563,M,District_031,1979-01-19
P02564,F,District_015,2019-12-30
P02565,M,District_004,1976-01-14
P02566,M,District_031,1985-11-12
P02567,F,District_017,1960-05-11
P02568,F,District_012,1991-04-28
P02569,M,District_020,2022-05-15
P02570,F,District_040,1992-01-06
P02571,M,District_016,1970-06-14
P02572,F,District_039,1994-11-15
P02573,F,District_012,2006-05-25
P02574,M,District_004,1998-09-17
P02575,M,District_008,1958-05-23
P02576,M,District_031,2006-08-16
P02577,M,District_023,1959-12-18
P02578,F,District_025,1967-05-15
P02579,F,District_039,1990-11-30
P02580,F,District_022,1933-09-04
P02581,F,District_005,1952-05-20
P02582,F,District_030,1978-02-14
P02583,M,District_010,2018-09-09
P02584,F,District_025,1997-09-15
P02585,F,District_035,1994-09-13
P02586,M,District_020,1965-06-06
P02587,F,District_014,1949-10-23
P02588,M,District_024,1937-06-23
P02589,F,District_006,2007-03-16
P02590,F,District_014,1988-12-03
P02591,M,District_022,2013-01-15
P02592,M,District_012,1967-06-22
P02593,M,District_002,2013-05-17
P02594,F,District_025,1938-05-21
P02595,F,District_017,1934-01-21
P02596,M,District_017,2001-05-04
P02597,F,District_040,1968-02-14
P02598,M,District_005,1966-09-19
P02599,F,District_008,1949-10-14
P02600,F,District_035,1978-05-12
P02601,F,District_007,1992-11-06
P02602,M,District_036,1966-11-22
P02603,F,District_028,2002-10-16
P02604,M,District_023,1969-09-25
P02605,F,District_013,1989-11-27
P02606,F,District_015,1969-04-11
P02607,F,District_033,1937-06-03
P02608,M,District_003,2003-10-21
P02609,M,District_031,2003-09-21
P02610,F,District_033,1971-01-28
P02611,F,District_030,1998-02-02
P02612,M,District_003,1961-11-18
P02613,F,District_031,1960-05-23
P02614,M,District_030,1993-09-06
P02615,M,District_001,1944-08-23
P02616,F,District_036,1972-05-28
P02617,M,District_007,1967-01-08
P02618,M,District_039,1986-06-03
P02619,F,District_003,2012-01-20
P02620,F,District_011,2008-03-08
P02621,F,District_029,1942-03-23
P02622,M,District_007,1949-03-19
P02623,M,District_009,1956-03-19
P02624,F,District_001,1987-10-01
P02625,F,District_033,1961-01-10
P02626,F,District_002,1966-01-31
P02627,F,District_027,1959-05-28
P02628,F,District_025,1998-04-17
P02629,F,District_022,1956-02-15
P02630,F,District_016,1989-11-07
P02631,M,District_013,2004-12-09
P02632,M,District_039,1955-01-04
P02633,F,District_031,1963-06-14
P02634,M,District_037,1994-04-13
P02635,F,District_031,1965-07-02
P02636,F,District_033,1938-06-27
P02637,M,District_039,1996-12-19
P02638,M,District_019,1965-09-18
P02639,F,District_036,1991-12-02
P02640,F,District_003,1990-07-28
P02641,M,District_004,1986-12-25
P02642,F,District_021,1970-03-15
P02643,M,District_019,1992-09-16
P02644,F,District_019,1990-04-06
P02645,F,District_023,1975-12-14
P02646,M,District_023,1973-12-20
P02647,M,District_035,1976-07-31
P02648,F,District_015,1952-03-20
P02649,M,District_014,1994-03-11
P02650,M,District_029,1979-06-18
P02651,F,District_028,1959-05-23
P02652,F,District_033,1962-04-25
P02653,F,District_014,1991-05-02
P02654,M,District_001,2001-04-06
P02655,M,District_038,1997-12-21
P02656,F,District_003,1985-07-29
P02657,M,District_029,1934-03-01
P02658,F,District_014,1958-07-25
P02659,M,District_018,1996-11-09
P02660,M,District_034,1968-05-04
P02661,F,District_018,1967-09-14
P02662,F,District_007,2006-06-29
P02663,F,District_031,2004-06-27
P02664,M,District_001,1977-04-22
P02665,F,District_012,2011-01-28
P02666,M,District_023,1973-04-23
P02667,F,District_019,1963-01-03
P02668,F,District_027,1970-12-26
P02669,M,District_016,1937-03-22
P02670,F,District_017,1975-08-03
P02671,M,District_015,1971-04-11
P02672,F,District_036,2001-12-01
P02673,F,District_001,1969-06-23
P02674,F,District_038,1943-12-23
P02675,F,District_015,1953-05-04
P02676,M,District_015,1940-10-14
P02677,F,District_030,1979-11-11
P02678,F,District_017,1977-12-04
P02679,F,District_026,1955-09-26
P02680,M,District_036,1958-01-16
P02681,M,District_034,1965-01-07
P02682,M,District_022,1959-12-04
P02683,M,District_030,1963-01-10
P02684,F,District_017,1986-06-01
P02685,F,District_031,2003-09-07
P02686,M,District_008,1944-01-24
P02687,F,District_003,1948-10-06
P02688,M,District_023,1936-10-27
P02689,M,District_011,2006-10-10
P02690,F,District_030,2007-11-10
P02691,M,District_004,1991-07-10
P02692,F,District_001,1932-11-11
P02693,M,District_029,1958-10-12
P02694,F,District_021,1942-08-19
P02695,M,District_038,1995-05-11
P02696,F,District_012,1972-02-23
P02697,M,District_006,1958-12-05
P02698,M,District_001,2002-05-16
P02699,M,District_019,1954-11-25
P02700,M,District_004,1967-01-06
P02701,M,District_031,2017-09-22
P02702,M,District_003,2015-02-24
P02703,M,District_037,1934-03-24
P02704,M,District_023,1972-09-05
P02705,M,District_029,1960-09-05
P02706,M,District_007,1973-09-08
P02707,F,District_004,1998-07-14
P02708,M,District_015,1977-07-24
P02709,F,District_023,1940-05-07
P02710,F,District_024,1982-07-16
P02711,M,District_014,1960-03-20
P02712,F,District_012,2002-07-15
P02713,F,District_040,1984-09-11
P02714,M,District_012,2003-09-05
P02715,M,District_007,1941-04-10
P02716,F,District_015,2012-11-11
P02717,F,District_014,2003-09-20
P02718,F,District_018,1975-09-11
P02719,F,District_027,2005-05-11
P02720,F,District_026,1963-11-16
P02721,F,District_029,1942-07-21
P02722,M,District_008,2004-04-30
P02723,M,District_003,1992-01-29
P02724,M,District_031,1937-07-26
P02725,M,District_011,2000-01-09
P02726,M,District_014,2013-05-25
P02727,M,District_019,1950-03-25
P02728,F,District_030,1951-10-06
P02729,M,District_008,1970-02-01
P02730,M,District_036,1970-09-29
P02731,F,District_014,1945-11-13
P02732,F,District_040,1973-12-04
P02733,F,District_013,1970-05-08
P02734,F,District_030,1941-05-17
P02735,M,District_016,1970-10-21
P02736,F,District_034,1964-02-16
P02737,F,District_020,2004-09-22
P02738,F,District_035,1975-05-25
P02739,M,District_031,1960-06-25
P02740,F,District_025,1994-05-30
P02741,F,District_012,1989-04-06
P02742,M,District_012,1938-01-28
P02743,M,District_040,2003-04-14
P02744,M,District_037,2008-02-05
P02745,M,District_007,1995-02-19
P02746,F,District_010,1981-08-23
P02747,M,District_004,1969-06-11
P02748,M,District_010,1995-10-22
P02749,M,District_013,1989-01-28
P02750,F,District_034,1953-01-14
P02751,M,District_004,2013-02-11
P02752,F,District_036,1978-04-05
P02753,F,District_040,1941-02-26
P02754,M,District_013,1976-03-18
P02755,M,District_019,1964-10-10
P02756,F,District_023,1957-09-27
P02757,M,District_010,1955-06-23
P02758,F,District_031,2018-08-01
P02759,M,District_024,1971-04-09
P02760,F,District_005,1977-04-08
P02761,F,District_036,2007-01-11
P02762,M,District_014,1937-03-20
P02763,F,District_008,1994-12-28
P02764,M,District_040,1952-08-30
P02765,F,District_004,1969-09-04
P02766,M,District_003,1964-05-15
P02767,F,District_011,1985-08-30
P02768,M,District_014,1950-01-09
P02769,M,District_019,1974-09-18
P02770,M,District_029,2008-07-26
P02771,F,District_015,2013-03-09
P02772,M,District_023,1958-08-20
P02773,M,District_001,1998-12-16
P02774,F,District_017,1975-09-03
P02775,M,District_038,1970-08-23
P02776,M,District_031,1998-05-23
P02777,M,District_031,1963-04-18
P02778,F,District_014,1986-06-15
P02779,F,District_021,1956-08-06
P02780,M,District_034,1942-07-02
P02781,M,District_036,1997-11-10
P02782,M,District_030,1965-10-27
P02783,M,District_019,1970-05-24
P02784,F,District_004,1944-02-21
P02785,F,District_006,1986-06-25
P02786,M,District_001,1972-12-10
P02787,M,District_015,1952-01-09
P02788,M,District_001,1986-09-05
P02789,M,District_019,1959-04-04
P02790,F,District_025,1994-02-08
P02791,F,District_025,1958-01-07
P02792,F,District_023,2002-11-20
P02793,M,District_011,1936-10-25
P02794,F,District_023,1978-05-11
P02795,M,District_040,1999-03-31
P02796,F,District_019,1954-03-03
P02797,F,District_035,1940-06-14
P02798,F,District_016,1960-11-05
P02799,M,District_027,1976-04-16
P02800,F,District_020,1988-05-03
P02801,M,District_029,1960-07-15
P02802,M,District_036,2022-05-14
P02803,F,District_019,1992-10-16
P02804,M,District_031,1955-03-13
P02805,F,District_036,1974-12-16
P02806,F,District_031,1993-03-01
P02807,F,District_001,1998-03-02
P02808,M,District_001,1955-04-27
P02809,M,District_036,1983-03-11
P02810,F,District_030,2001-02-02
P02811,M,District_039,1981-11-03
P02812,M,District_013,2020-06-17
P02813,M,District_031,1992-05-11
P02814,M,District_032,1939-01-23
P02815,M,District_035,1993-04-07
P02816,M,District_029,1969-05-30
P02817,F,District_007,1962-06-12
P02818,M,District_029,1977-11-10
P02819,F,District_026,1961-09-08
P02820,M,District_014,1964-07-27
P02821,M,District_010,1962-02-14
P02822,F,District_036,1969-02-21
P02823,F,District_007,1970-05-12
P02824,M,District_018,1966-11-24
P02825,M,District_027,1965-04-14
P02826,M,District_040,1980-07-18
P02827,M,District_028,1960-05-08
P02828,F,District_014,1976-07-27
P02829,F,District_003,2003-04-14
P02830,M,District_014,1933-10-14
P02831,F,District_013,1996-11-10
P02832,M,District_033,1990-10-13
P02833,F,District_016,1956-01-31
P02834,F,District_004,2004-12-05
P02835,M,District_035,1995-09-20
P02836,M,District_001,1986-08-29
P02837,M,District_001,1937-03-02
P02838,F,District_020,1981-08-23
P02839,M,District_003,1974-02-09
P02840,F,District_009,1973-01-06
P02841,M,District_040,1967-05-10
P02842,M,District_034,1943-08-30
P02843,F,District_031,1957-05-28
P02844,M,District_028,1994-05-02
P02845,M,District_003,1934-11-23
P02846,M,District_034,1974-03-03
P02847,M,District_020,2010-07-26
P02848,F,District_004,1994-02-27
P02849,M,District_013,1967-05-24
P02850,F,District_021,1988-02-22
P02851,F,District_001,1963-12-04
P02852,M,District_012,1988-12-17
P02853,F,District_014,1975-11-23
P02854,M,District_020,2018-02-16
P02855,F,District_001,1936-01-05
P02856,F,District_024,2006-01-02
P02857,F,District_010,1986-09-02
P02858,F,District_025,1992-09-27
P02859,F,District_011,1975-08-28
P02860,F,District_017,1975-03-10
P02861,F,District_027,1958-10-02
P02862,F,District_028,2022-06-16
P02863,F,District_002,1957-05-11
P02864,F,District_023,2007-08-24
P02865,F,District_033,2013-07-13
P02866,F,District_010,1959-05-05
P02867,F,District_023,1974-03-19
P02868,F,District_019,1962-10-24
P02869,F,District_035,1986-06-28
P02870,F,District_019,2001-11-06
P02871,M,District_038,1976-12-27
P02872,F,District_028,2015-05-12
P02873,F,District_024,2005-07-09
P02874,M,District_013,1955-09-30
P02875,F,District_025,1968-12-12
P02876,F,District_007,1983-01-22
P02877,M,District_018,1978-03-06
P02878,M,District_013,1965-01-25
P02879,M,District_028,1999-11-22
P02880,M,District_031,1998-12-27
P02881,M,District_037,1989-10-14
P02882,M,District_011,1974-11-26
P02883,F,District_036,1967-07-19
P02884,M,District_034,2011-05-12
P02885,M,District_035,1982-10-22
P02886,F,District_031,1976-08-10
P02887,F,District_012,1972-06-19
P02888,M,District_035,1972-09-08
P02889,M,District_026,1991-07-18
P02890,M,District_031,1974-05-31
P02891,F,District_010,1933-01-19
P02892,M,District_008,1959-09-11
P02893,F,District_012,1998-11-30
P02894,M,District_022,1969-02-18
P02895,F,District_018,1994-06-05
P02896,F,District_036,2022-07-13
P02897,F,District_001,1981-04-14
P02898,F,District_004,1937-01-08
P02899,F,District_014,1998-11-16
P02900,M,District_008,1943-02-22
P02901,F,District_017,1970-05-14
P02902,M,District_030,1973-06-02
P02903,M,District_040,2018-02-20
P02904,F,District_010,1975-09-13
P02905,M,District_012,1983-03-21
P02906,M,District_031,1988-06-07
P02907,M,District_012,1980-01-26
P02908,M,District_030,2007-07-16
P02909,M,District_025,1965-04-13
P02910,M,District_035,2014-07-04
P02911,F,District_002,1989-08-11
P02912,F,District_040,1932-08-17
P02913,M,District_039,2017-01-31
P02914,F,District_001,2003-03-03
P02915,M,District_021,2007-10-12
P02916,F,District_017,1993-02-20
P02917,F,District_012,1974-06-02
P02918,M,District_040,2003-11-25
P02919,F,District_009,2003-03-29
P02920,F,District_012,1972-11-03
P02921,M,District_001,2004-02-18
P02922,M,District_024,1945-07-20
P02923,M,District_035,1940-02-02
P02924,F,District_027,1999-07-10
P02925,M,District_028,2003-12-02
P02926,M,District_003,1990-03-28
P02927,M,District_030,2005-04-11
P02928,F,District_017,1963-09-14
P02929,F,District_020,1970-10-19
P02930,M,District_025,1995-02-21
P02931,M,District_040,2000-03-23
P02932,F,District_031,1999-09-16
P02933,M,District_029,1954-04-21
P02934,M,District_019,1943-10-07
P02935,F,District_002,2020-10-27
P02936,M,District_023,1964-05-04
P02937,F,District_028,2000-03-04
P02938,M,District_030,1966-01-31
P02939,M,District_026,1967-07-18
P02940,M,District_013,1941-11-10
P02941,M,District_011,2011-06-18
P02942,M,District_004,1991-04-29
P02943,F,District_030,1935-01-13
P02944,M,District_040,2000-11-22
P02945,M,District_023,1985-05-07
P02946,F,District_028,1971-06-30
P02947,M,District_029,1965-06-01
P02948,F,District_008,1968-11-29
P02949,M,District_009,1959-12-27
P02950,M,District_010,1972-05-25
P02951,M,District_037,1992-10-21
P02952,M,District_001,1974-05-22
P02953,F,District_023,1965-12-23
P02954,M,District_016,1957-03-15
P02955,M,District_028,1995-09-03
P02956,F,District_011,2007-07-22
P02957,F,District_039,1971-08-30
P02958,M,District_014,1993-08-02
P02959,M,District_037,2018-06-22
P02960,F,District_025,1947-05-12
P02961,F,District_018,1975-04-26
P02962,F,District_031,1986-01-05
P02963,M,District_023,2011-10-29
P02964,F,District_007,2016-02-18
P02965,F,District_030,1976-05-27
P02966,M,District_024,1976-09-11
P02967,F,District_024,1987-02-02
P02968,M,District_031,1980-04-18
P02969,F,District_028,1982-10-26
P02970,F,District_015,1995-10-31
P02971,M,District_014,1993-05-06
P02972,M,District_012,1974-04-10
P02973,M,District_024,2005-12-16
P02974,F,District_013,1985-05-17
P02975,F,District_006,1995-06-23
P02976,F,District_031,1993-01-13
P02977,M,District_010,1997-04-06
P02978,F,District_008,2018-02-04
P02979,M,District_035,2008-12-20
P02980,M,District_029,1983-03-30
P02981,F,District_031,1964-09-02
P02982,F,District_015,1996-06-14
P02983,F,District_026,1963-02-16
P02984,M,District_037,1971-02-19
P02985,M,District_013,2015-10-12
P02986,M,District_003,2020-10-06
P02987,M,District_008,1986-04-13
P02988,F,District_036,2022-02-15
P02989,F,District_013,1963-05-24
P02990,F,District_021,2013-12-13
P02991,M,District_023,1956-11-03
P02992,M,District_039,1967-04-04
P02993,M,District_014,1973-04-06
P02994,M,District_023,1968-02-09
P02995,F,District_039,1977-06-21
P02996,M,District_010,1939-07-30
P02997,M,District_025,1944-11-22
P02998,F,District_003,1997-03-22
P02999,F,District_012,1981-01-20
P03000,M,District_003,1988-12-16
P03001,M,District_014,1989-07-06
P03002,F,District_010,1975-08-26
P03003,M,District_032,1992-04-05
P03004,M,District_020,1963-03-30
P03005,M,District_017,1959-10-15
P03006,F,District_029,1989-01-19
P03007,F,District_038,1974-11-12
P03008,M,District_014,1987-03-23
P03009,F,District_003,1976-04-06
P03010,F,District_005,1971-11-04
P03011,M,District_035,2009-05-01
P03012,F,District_034,1961-09-25
P03013,F,District_020,1980-09-23
P03014,M,District_007,1970-12-01
P03015,F,District_023,1964-04-04
P03016,M,District_028,1986-03-13
P03017,F,District_014,1973-07-01
P03018,F,District_004,1933-03-24
P03019,F,District_014,1958-08-27
P03020,F,District_029,1975-06-10
P03021,F,District_040,1962-03-20
P03022,M,District_009,1994-07-28
P03023,M,District_036,1964-05-21
P03024,F,District_019,1943-11-11
P03025,F,District_028,2001-06-30
P03026,M,District_035,2005-02-25
P03027,F,District_023,1992-03-25
P03028,F,District_003,1982-09-14
P03029,F,District_012,1983-06-18
P03030,F,District_032,1999-05-21
P03031,M,District_023,1960-01-25
P03032,F,District_014,1997-03-05
P03033,M,District_025,1991-03-10
P03034,F,District_012,1971-04-03
P03035,F,District_011,1992-08-24
P03036,M,District_033,1992-08-17
P03037,F,District_017,1964-07-16
P03038,M,District_012,1945-07-30
P03039,M,District_017,1967-01-18
P03040,M,District_037,2013-02-16
P03041,F,District_009,1995-02-10
P03042,F,District_009,1944-05-25
P03043,F,District_015,1976-10-24
P03044,M,District_003,1960-11-10
P03045,M,District_004,1975-09-24
P03046,F,District_001,1981-05-09
P03047,F,District_007,1985-08-21
P03048,F,District_027,1959-05-08
P03049,F,District_010,1957-02-14
P03050,F,District_016,2001-09-01
P03051,M,District_030,1976-01-29
P03052,M,District_002,1995-06-30
P03053,F,District_010,1934-03-15
P03054,F,District_040,1985-12-11
P03055,F,District_025,1963-09-24
P03056,F,District_028,1982-01-27
P03057,M,District_022,1977-02-12
P03058,F,District_039,1962-06-07
P03059,M,District_007,1998-12-20
P03060,M,District_003,1940-12-11
P03061,F,District_033,1938-07-31
P03062,M,District_001,1940-02-09
P03063,M,District_024,1995-08-18
P03064,M,District_001,1965-02-13
P03065,F,District_015,1968-06-20
P03066,M,District_028,1965-11-13
P03067,F,District_023,1994-06-11
P03068,F,District_023,1970-08-22
P03069,M,District_008,2001-10-11
P03070,F,District_013,1996-04-30
P03071,F,District_030,1986-10-19
P03072,F,District_001,1981-02-05
P03073,F,District_025,2004-03-14
P03074,F,District_022,2002-03-22
P03075,F,District_015,1967-12-06
P03076,M,District_014,1963-01-17
P03077,M,District_032,2020-07-05
P03078,F,District_016,1971-04-10
P03079,M,District_004,1956-10-24
P03080,M,District_039,1956-03-27
P03081,M,District_007,1954-09-07
P03082,M,District_032,1939-04-19
P03083,M,District_001,1960-09-22
P03084,F,District_015,1945-01-26
P03085,M,District_022,1953-04-18
P03086,M,District_002,1980-07-20
P03087,M,District_031,1950-07-19
P03088,F,District_012,1975-01-01
P03089,M,District_023,1975-09-15
P03090,M,District_031,1948-03-19
P03091,F,District_025,1985-03-04
P03092,M,District_019,1996-01-03
P03093,M,District_014,1969-12-01
P03094,M,District_003,1971-10-03
P03095,F,District_036,1933-03-28
P03096,M,District_025,1940-08-23
P03097,M,District_027,1964-10-03
P03098,F,District_019,1946-09-21
P03099,M,District_016,1992-02-01
P03100,F,District_003,1934-02-22
P03101,M,District_008,2013-12-30
P03102,M,District_019,1961-03-01
P03103,M,District_011,2006-06-12
P03104,M,District_003,1960-02-28
P03105,F,District_023,1979-05-20
P03106,M,District_020,1987-04-26
P03107,F,District_018,1958-06-05
P03108,M,District_031,1966-04-08
P03109,F,District_026,1999-03-11
P03110,M,District_001,1965-06-30
P03111,M,District_031,1989-11-22
P03112,F,District_021,2003-11-30
P03113,F,District_022,2001-08-03
P03114,F,District_036,1972-07-13
P03115,F,District_005,1967-02-21
P03116,F,District_026,1975-12-21
P03117,M,District_013,1937-02-11
P03118,M,District_002,1975-12-13
P03119,M,District_019,1959-07-05
P03120,F,District_013,1940-07-31
P03121,F,District_001,1997-06-12
P03122,F,District_021,1996-12-17
P03123,M,District_014,1987-03-30
P03124,M,District_019,1976-11-13
P03125,M,District_001,1963-03-24
P03126,F,District_017,1991-06-10
P03127,M,District_020,1952-02-12
P03128,M,District_020,1934-01-09
P03129,F,District_030,1989-02-27
P03130,M,District_040,2003-07-21
P03131,M,District_002,1988-08-03
P03132,F,District_017,1995-05-06
P03133,M,District_035,1938-05-09
P03134,M,District_027,1968-03-19
P03135,M,District_040,2008-07-09
P03136,F,District_030,1980-07-17
P03137,F,District_030,2006-11-19
P03138,M,District_004,1995-11-02
P03139,F,District_012,2001-03-08
P03140,F,District_025,1968-01-06
P03141,F,District_023,1975-05-28
P03142,F,District_031,1944-08-29
P03143,M,District_040,2020-12-11
P03144,M,District_010,1965-12-17
P03145,F,District_019,2016-04-29
P03146,M,District_035,1978-05-12
P03147,F,District_034,1935-09-21
P03148,F,District_033,1965-10-25
P03149,F,District_027,1994-12-07
P03150,F,District_040,1963-04-28
P03151,F,District_015,1964-05-25
P03152,M,District_005,1954-09-02
P03153,F,District_007,1970-04-09
P03154,M,District_019,2008-02-28
P03155,F,District_032,1971-06-28
P03156,M,District_019,2007-09-29
P03157,M,District_026,2010-12-30
P03158,F,District_015,1959-03-18
P03159,M,District_030,1964-06-05
P03160,M,District_008,2013-08-28
P03161,F,District_023,1970-12-30
P03162,M,District_009,1970-03-10
P03163,M,District_020,1959-01-29
P03164,F,District_019,1982-07-10
P03165,M,District_026,1993-09-26
P03166,F,District_022,1998-05-20
P03167,M,District_040,2002-02-18
P03168,M,District_036,2007-06-02
P03169,M,District_013,1993-12-28
P03170,M,District_006,1991-10-23
P03171,M,District_003,1987-11-28
P03172,F,District_010,1937-08-04
P03173,F,District_011,1970-07-21
P03174,M,District_036,2002-06-20
P03175,F,District_037,1936-03-31
P03176,M,District_011,1985-11-21
P03177,F,District_031,1992-01-23
P03178,F,District_034,1956-09-27
P03179,F,District_016,1993-06-25
P03180,M,District_035,1989-10-17
P03181,F,District_040,1982-08-25
P03182,F,District_039,1967-03-05
P03183,M,District_031,1968-12-16
P03184,M,District_016,1996-07-09
P03185,M,District_011,1995-06-03
P03186,F,District_040,2007-06-08
P03187,F,District_012,1975-08-17
P03188,M,District_019,1985-08-17
P03189,F,District_012,1948-02-05
P03190,F,District_021,1960-10-06
P03191,M,District_005,1996-07-10
P03192,F,District_032,1958-08-22
P03193,M,District_022,2020-03-28
P03194,F,District_018,2002-03-13
P03195,F,District_015,1990-02-26
P03196,F,District_024,1983-12-02
P03197,M,District_031,1975-11-28
P03198,M,District_036,1944-08-17
P03199,M,District_034,2001-07-25
P03200,F,District_019,1985-12-09
P03201,M,District_034,1966-02-09
P03202,M,District_023,1988-02-09
P03203,M,District_027,1999-08-01
P03204,M,District_028,1950-03-27
P03205,M,District_017,1941-06-09
P03206,M,District_021,1948-05-07
P03207,F,District_029,1987-02-18
P03208,M,District_014,2020-11-29
P03209,F,District_031,1998-10-09
P03210,M,District_015,1955-07-30
P03211,F,District_025,2005-02-09
P03212,F,District_034,2000-05-30
P03213,F,District_001,2015-08-11
P03214,M,District_011,1975-12-23
P03215,F,District_024,1976-05-30
P03216,M,District_004,1960-09-25
P03217,M,District_010,2015-09-05
P03218,F,District_031,1963-01-04
P03219,M,District_001,1986-06-23
P03220,M,District_026,2004-11-12
P03221,M,District_002,1989-12-15
P03222,F,District_005,1960-08-13
P03223,M,District_017,1994-12-09
P03224,F,District_039,1935-07-30
P03225,M,District_023,1979-08-04
P03226,M,District_014,1991-02-15
P03227,F,District_018,1975-09-02
P03228,F,District_024,1965-09-23
P03229,M,District_027,2009-05-22
P03230,F,District_012,1966-05-13
P03231,F,District_010,1983-12-20
P03232,F,District_021,1991-12-03
P03233,M,District_027,1969-11-01
P03234,F,District_033,1959-03-25
P03235,F,District_025,2003-10-18
P03236,M,District_029,1994-01-04
P03237,M,District_021,1974-07-25
P03238,M,District_024,1988-01-27
P03239,M,District_027,1934-10-03
P03240,F,District_011,1958-07-31
P03241,F,District_037,1951-11-13
P03242,F,District_015,1986-02-27
P03243,F,District_026,1935-05-29
P03244,F,District_024,2010-12-05
P03245,M,District_035,1992-04-05
P03246,F,District_005,2020-02-13
P03247,F,District_036,2016-04-26
P03248,M,District_007,1937-03-12
P03249,F,District_007,1965-09-23
P03250,M,District_035,1970-07-28
P03251,F,District_012,1973-02-24
P03252,M,District_026,1964-05-25
P03253,F,District_020,1969-05-23
P03254,F,District_037,1945-03-28
P03255,M,District_031,1959-05-23
P03256,F,District_014,1977-11-16
P03257,F,District_032,2000-10-16
P03258,F,District_011,1934-03-23
P03259,M,District_026,2009-10-05
P03260,F,District_031,1998-05-04
P03261,M,District_030,1932-07-12
P03262,M,District_028,2001-05-20
P03263,M,District_033,2006-10-07
P03264,M,District_023,1998-09-10
P03265,F,District_037,1992-04-25
P03266,M,District_007,1957-10-31
P03267,F,District_015,1953-09-11
P03268,F,District_031,1984-01-03
P03269,M,District_014,1941-11-07
P03270,M,District_019,1965-06-05
P03271,F,District_031,1932-11-07
P03272,M,District_023,2001-04-18
P03273,M,District_009,1960-11-16
P03274,F,District_009,2017-06-06
P03275,M,District_014,2009-07-25
P03276,M,District_014,1962-04-24
P03277,M,District_007,2001-12-31
P03278,M,District_034,1973-06-27
P03279,F,District_013,1967-06-19
P03280,M,District_032,2015-10-07
P03281,F,District_040,2000-09-15
P03282,M,District_014,1972-04-19
P03283,M,District_040,1934-06-14
P03284,M,District_009,1985-06-04
P03285,F,District_027,1953-01-25
P03286,F,District_040,1939-08-08
P03287,M,District_032,1974-02-18
P03288,F,District_011,1994-01-11
P03289,F,District_012,1977-06-05
P03290,F,District_012,1941-10-16
P03291,M,District_038,2002-08-02
P03292,F,District_012,1951-12-17
P03293,M,District_022,1953-04-22
P03294,M,District_015,1974-09-24
P03295,M,District_015,1976-01-31
P03296,M,District_017,1966-05-08
P03297,F,District_015,1960-07-07
P03298,F,District_026,1950-10-25
P03299,F,District_019,2011-11-27
P03300,M,District_019,2014-05-01
P03301,M,District_022,2000-03-28
P03302,M,District_015,1956-09-26
P03303,M,District_031,1984-12-29
P03304,M,District_022,1957-09-07
P03305,M,District_022,1995-03-29
P03306,M,District_011,2006-06-04
P03307,F,District_002,1937-12-02
P03308,F,District_032,1958-11-21
P03309,M,District_035,1998-11-24
P03310,M,District_011,2018-03-31
P03311,M,District_015,1991-03-23
P03312,F,District_015,1992-08-06
P03313,M,District_029,1996-04-25
P03314,F,District_009,1970-12-25
P03315,F,District_040,2002-06-10
P03316,M,District_003,2019-09-25
P03317,M,District_040,1990-03-08
P03318,F,District_003,1985-07-07
P03319,F,District_014,1938-02-25
P03320,M,District_012,1992-06-10
P03321,F,District_012,1985-07-19
P03322,F,District_040,1966-01-21
P03323,M,District_019,1948-01-04
P03324,M,District_006,1970-07-19
P03325,F,District_040,1944-08-24
P03326,M,District_011,1950-05-11
P03327,M,District_004,1962-10-31
P03328,F,District_001,1953-08-13
P03329,F,District_020,2022-02-27
P03330,F,District_037,1945-02-08
P03331,F,District_001,1956-08-03
P03332,M,District_030,1953-08-12
P03333,F,District_012,1996-02-17
P03334,M,District_011,1977-10-20
P03335,F,District_030,2001-12-10
P03336,M,District_031,1967-12-07
P03337,M,District_023,1996-11-22
P03338,M,District_010,1960-02-15
P03339,M,District_001,1976-12-18
P03340,M,District_031,1986-09-02
P03341,F,District_026,1990-05-27
P03342,M,District_018,1988-05-24
P03343,M,District_011,1964-03-04
P03344,M,District_031,1976-01-09
P03345,F,District_003,1962-08-08
P03346,F,District_027,1998-10-08
P03347,F,District_029,1941-11-29
P03348,M,District_011,1972-02-11
P03349,F,District_021,2017-08-18
P03350,F,District_023,1986-02-08
P03351,M,District_025,1979-08-28
P03352,F,District_036,1981-04-01
P03353,M,District_023,1986-05-12
P03354,F,District_003,1991-04-17
P03355,M,District_015,2015-05-09
P03356,F,District_027,1979-09-12
P03357,M,District_014,2001-11-25
P03358,M,District_031,1933-12-29
P03359,F,District_009,1965-08-01
P03360,F,District_007,1989-02-10
P03361,M,District_011,1966-05-12
P03362,M,District_035,1961-04-30
P03363,F,District_029,1987-09-30
P03364,M,District_023,2005-07-08
P03365,F,District_013,1984-08-06
P03366,F,District_037,1963-11-14
P03367,F,District_036,1980-05-23
P03368,F,District_017,1979-08-23
P03369,F,District_031,1959-08-08
P03370,F,District_036,1956-05-29
P03371,F,District_014,1989-12-21
P03372,F,District_014,1959-01-26
P03373,M,District_023,1958-10-12
P03374,M,District_017,1967-04-30
P03375,F,District_031,1959-03-25
P03376,F,District_023,1960-11-06
P03377,M,District_011,2007-10-04
P03378,M,District_015,1981-08-04
P03379,M,District_028,1941-03-09
P03380,F,District_003,1990-05-14
P03381,F,District_015,1953-07-15
P03382,F,District_001,1980-02-26
P03383,M,District_033,1972-07-13
P03384,F,District_006,1995-02-13
P03385,F,District_004,1999-03-27
P03386,F,District_031,1932-10-31
P03387,M,District_004,1993-08-15
P03388,F,District_029,1975-12-24
P03389,M,District_016,1977-10-06
P03390,F,District_033,1932-12-24
P03391,F,District_009,1973-11-24
P03392,F,District_004,1937-12-31
P03393,M,District_011,1957-05-01
P03394,F,District_037,1981-08-05
P03395,F,District_033,1941-07-14
P03396,M,District_013,1952-03-28
P03397,F,District_010,1981-03-12
P03398,F,District_008,1972-06-21
P03399,F,District_011,1978-07-18
P03400,M,District_010,1966-05-09
P03401,F,District_036,1994-08-03
P03402,M,District_001,1976-07-24
P03403,M,District_036,2000-09-14
P03404,M,District_003,1976-10-24
P03405,F,District_033,2010-10-21
P03406,M,District_019,1975-05-08
P03407,M,District_004,1975-03-05
P03408,M,District_032,1975-08-01
P03409,F,District_012,1978-11-28
P03410,M,District_036,1978-05-24
P03411,M,District_031,1986-02-06
P03412,M,District_040,1956-06-23
P03413,F,District_033,1992-12-23
P03414,M,District_011,1959-12-04
P03415,M,District_017,2021-06-25
P03416,M,District_029,1962-02-21
P03417,M,District_014,2007-12-12
P03418,M,District_023,1983-04-02
P03419,F,District_011,1991-03-24
P03420,F,District_028,1981-12-14
P03421,F,District_015,1995-10-17
P03422,M,District_003,1984-12-31
P03423,F,District_039,1961-06-09
P03424,M,District_034,1949-10-30
P03425,M,District_014,1988-02-02
P03426,M,District_007,1946-11-29
P03427,M,District_031,1995-05-11
P03428,M,District_011,1984-03-20
P03429,F,District_026,2001-10-28
P03430,F,District_031,2004-10-01
P03431,M,District_012,1993-03-17
P03432,M,District_013,1936-11-29
P03433,F,District_003,1974-07-24
P03434,F,District_014,1971-10-03
P03435,M,District_025,1964-12-28
P03436,F,District_008,1993-07-21
P03437,M,District_038,1965-07-08
P03438,F,District_030,1992-08-28
P03439,M,District_010,1983-03-12
P03440,M,District_023,1981-11-27
P03441,M,District_017,1994-07-29
P03442,M,District_016,1969-10-28
P03443,F,District_023,2018-03-31
P03444,F,District_004,1994-06-12
P03445,M,District_011,1936-04-19
P03446,F,District_007,1944-11-23
P03447,M,District_009,1964-07-19
P03448,F,District_028,1969-12-14
P03449,M,District_040,1963-09-07
P03450,F,District_028,2012-01-22
P03451,M,District_040,1992-04-11
P03452,M,District_024,1979-12-05
P03453,F,District_013,1981-08-20
P03454,F,District_035,1953-02-18
P03455,M,District_003,1973-10-31
P03456,M,District_004,1933-03-31
P03457,M,District_038,1969-09-06
P03458,M,District_028,1971-07-12
P03459,M,District_037,1962-02-15
P03460,M,District_007,1965-05-01
P03461,M,District_031,2004-09-20
P03462,M,District_011,2005-12-29
P03463,F,District_015,1961-10-08
P03464,M,District_036,1985-08-02
P03465,M,District_018,1970-11-14
P03466,F,District_028,1982-02-14
P03467,F,District_036,1975-12-13
P03468,M,District_035,1981-06-18
P03469,M,District_001,2005-01-10
P03470,F,District_008,1965-09-01
P03471,M,District_037,1982-06-20
P03472,M,District_024,1941-12-06
P03473,F,District_020,1984-04-10
P03474,M,District_003,1997-01-10
P03475,F,District_001,2018-03-25
P03476,M,District_038,1951-11-09
P03477,F,District_020,1975-08-27
P03478,M,District_031,1999-04-13
P03479,F,District_011,2000-03-16
P03480,M,District_011,1962-08-07
P03481,M,District_024,1952-01-17
P03482,F,District_035,2003-10-20
P03483,M,District_013,1986-04-06
P03484,F,District_014,1991-07-05
P03485,M,District_023,2019-04-18
P03486,M,District_003,1963-05-30
P03487,M,District_016,1952-07-28
P03488,M,District_023,1937-03-10
P03489,M,District_001,1977-02-28
P03490,F,District_027,1990-03-09
P03491,F,District_003,1942-11-30
P03492,F,District_030,1996-07-31
P03493,F,District_032,1987-04-04
P03494,M,District_034,1970-02-19
P03495,F,District_028,2013-08-22
P03496,M,District_024,1952-04-06
P03497,F,District_014,1943-06-10
P03498,F,District_018,1962-10-13
P03499,M,District_004,1958-02-10
P03500,F,District_030,1997-07-23
P03501,M,District_001,2015-05-27
P03502,M,District_018,1968-09-18
P03503,M,District_022,1960-12-23
P03504,M,District_028,1932-07-20
P03505,M,District_015,1988-04-13
P03506,F,District_019,1983-09-05
P03507,M,District_025,2005-01-27
P03508,F,District_037,1962-04-03
P03509,F,District_028,1961-05-12
P03510,M,District_012,1939-03-14
P03511,M,District_034,1990-02-21
P03512,M,District_003,1960-04-13
P03513,M,District_012,2013-03-06
P03514,M,District_004,1982-04-16
P03515,M,District_019,2002-02-21
P03516,F,District_027,1964-11-25
P03517,F,District_023,1994-08-29
P03518,M,District_032,1981-02-11
P03519,M,District_024,1960-07-12
P03520,F,District_011,1936-12-27
P03521,F,District_023,2001-02-26
P03522,F,District_031,1993-05-07
P03523,M,District_022,1977-02-03
P03524,F,District_019,1958-12-27
P03525,F,District_023,1951-11-10
P03526,F,District_023,1989-06-29
P03527,F,District_014,1968-10-27
P03528,M,District_035,1934-06-25
P03529,M,District_010,1983-08-29
P03530,F,District_002,1984-10-17
P03531,M,District_031,1941-03-26
P03532,M,District_034,2004-12-18
P03533,M,District_027,1959-02-17
P03534,F,District_020,1956-11-06
P03535,F,District_040,1994-06-04
P03536,M,District_016,1970-01-05
P03537,M,District_017,1996-11-21
P03538,F,District_025,1932-01-29
P03539,M,District_019,1951-09-14
P03540,F,District_023,1942-04-06
P03541,F,District_039,2019-02-24
P03542,F,District_011,1959-10-10
P03543,M,District_007,1938-08-28
P03544,F,District_018,1969-02-21
P03545,F,District_022,1976-11-25
P03546,F,District_030,2020-11-23
P03547,F,District_039,1951-09-14
P03548,F,District_029,2016-05-26
P03549,M,District_040,1981-03-13
P03550,M,District_012,1954-06-10
P03551,F,District_010,1943-07-06
P03552,F,District_014,1948-02-19
P03553,M,District_031,2006-10-31
P03554,F,District_009,1989-02-06
P03555,F,District_010,1963-09-10
P03556,M,District_018,1979-09-24
P03557,M,District_014,1944-01-19
P03558,F,District_027,1971-05-12
P03559,F,District_036,1982-07-28
P03560,F,District_007,2019-09-04
P03561,F,District_023,1987-07-25
P03562,M,District_004,1933-03-19
P03563,M,District_011,1977-11-07
P03564,F,District_014,1980-10-30
P03565,F,District_024,2001-09-12
P03566,F,District_023,1993-07-09
P03567,F,District_027,2000-03-10
P03568,M,District_033,1954-10-17
P03569,F,District_009,1963-03-22
P03570,M,District_031,1993-02-04
P03571,M,District_028,1967-07-28
P03572,M,District_004,1993-01-16
P03573,M,District_015,1985-02-09
P03574,M,District_002,1958-03-17
P03575,M,District_004,2015-08-17
P03576,F,District_013,2003-09-15
P03577,F,District_011,1949-02-20
P03578,F,District_036,1945-07-24
P03579,M,District_036,2004-12-21
P03580,M,District_024,1973-04-15
P03581,F,District_031,2001-08-28
P03582,M,District_040,1958-01-25
P03583,M,District_017,1995-02-24
P03584,M,District_023,1960-11-24
P03585,F,District_028,1991-02-08
P03586,F,District_037,1944-01-21
P03587,M,District_032,1933-03-31
P03588,F,District_003,1987-09-24
P03589,M,District_030,1973-05-02
P03590,F,District_012,1999-02-20
P03591,F,District_012,1964-03-10
P03592,F,District_023,2007-07-29
P03593,M,District_029,2003-04-19
P03594,F,District_008,1976-08-14
P03595,M,District_014,1986-10-01
P03596,F,District_030,1969-05-01
P03597,M,District_007,1977-07-15
P03598,F,District_035,2011-10-12
P03599,F,District_019,2013-05-05
P03600,M,District_025,1963-09-07
P03601,M,District_004,1974-06-01
P03602,M,District_039,2009-08-23
P03603,M,District_036,2002-02-12
P03604,F,District_009,1966-02-25
P03605,M,District_028,1966-07-13
P03606,F,District_031,1952-04-17
P03607,M,District_006,1996-10-29
P03608,M,District_024,1976-01-03
P03609,M,District_035,1968-10-15
P03610,M,District_022,1987-02-20
P03611,M,District_037,2018-02-27
P03612,M,District_003,2014-10-28
P03613,F,District_037,1933-12-29
P03614,M,District_040,2000-04-07
P03615,M,District_008,1972-02-19
P03616,F,District_019,1975-04-16
P03617,M,District_027,1991-12-13
P03618,F,District_036,1952-05-11
P03619,M,District_008,1960-08-12
P03620,M,District_014,2018-02-01
P03621,F,District_032,1964-03-15
P03622,F,District_017,1974-03-16
P03623,M,District_026,1998-08-06
P03624,F,District_023,1974-09-06
P03625,M,District_040,1966-03-07
P03626,F,District_007,2007-11-21
P03627,F,District_038,1955-11-27
P03628,F,District_024,1967-12-11
P03629,M,District_036,1967-06-30
P03630,M,District_006,2018-12-05
P03631,M,District_027,1995-06-04
P03632,M,District_034,1995-11-02
P03633,M,District_031,1962-02-10
P03634,F,District_001,1969-07-28
P03635,F,District_019,1961-11-28
P03636,M,District_005,2001-04-23
P03637,F,District_007,1974-08-31
P03638,M,District_030,1947-09-29
P03639,M,District_039,1976-05-06
P03640,M,District_027,1964-01-19
P03641,M,District_004,1947-01-10
P03642,M,District_011,1997-07-27
P03643,M,District_016,1967-02-27
P03644,M,District_006,1955-10-18
P03645,F,District_035,1970-02-27
P03646,F,District_009,1978-01-23
P03647,F,District_007,1941-06-27
P03648,M,District_030,1990-06-25
P03649,M,District_006,1992-06-10
P03650,M,District_017,1993-12-06
P03651,F,District_022,1979-02-23
P03652,M,District_004,1980-04-07
P03653,F,District_023,1969-02-18
P03654,M,District_020,1933-11-20
P03655,F,District_028,2005-03-15
P03656,M,District_011,1971-08-23
P03657,M,District_015,1950-03-09
P03658,F,District_028,1939-01-05
P03659,F,District_002,1989-02-14
P03660,F,District_005,2015-02-02
P03661,F,District_013,1972-11-21
P03662,F,District_004,1944-09-04
P03663,F,District_002,1972-09-17
P03664,F,District_040,1993-06-28
P03665,F,District_019,1971-01-11
P03666,M,District_023,1960-04-26
P03667,F,District_012,1963-06-18
P03668,F,District_001,1953-03-14
P03669,M,District_031,1959-10-30
P03670,F,District_030,1964-05-05
P03671,M,District_040,1970-07-02
P03672,M,District_001,1967-10-20
P03673,M,District_007,1974-05-11
P03674,M,District_030,2006-03-01
P03675,M,District_014,1969-03-05
P03676,M,District_003,1962-02-28
P03677,M,District_013,1970-03-11
P03678,F,District_004,1996-07-14
P03679,M,District_034,1958-12-15
P03680,M,District_035,1958-01-14
P03681,M,District_027,1994-07-20
P03682,F,District_017,2006-05-16
P03683,F,District_031,1987-12-26
P03684,M,District_027,1939-02-12
P03685,F,District_031,1934-02-11
P03686,M,District_022,1959-01-29
P03687,F,District_039,1989-10-30
P03688,F,District_013,1975-03-01
P03689,F,District_026,1973-05-18
P03690,M,District_032,1939-11-10
P03691,M,District_036,2013-06-07
P03692,M,District_038,2016-07-12
P03693,M,District_017,1969-05-18
P03694,M,District_029,1986-12-02
P03695,F,District_013,1969-06-10
P03696,F,District_028,1974-04-29
P03697,M,District_009,1978-04-15
P03698,M,District_018,1997-03-27
P03699,F,District_037,1972-05-18
P03700,M,District_032,1956-04-20
P03701,F,District_021,1968-11-30
P03702,M,District_007,1978-03-16
P03703,M,District_017,1974-08-21
P03704,F,District_007,2000-06-16
P03705,M,District_003,1974-06-16
P03706,M,District_036,1976-01-11
P03707,M,District_021,1989-09-05
P03708,M,District_004,1972-08-14
P03709,F,District_030,1962-03-30
P03710,F,District_004,1995-05-16
P03711,F,District_017,1965-09-07
P03712,F,District_011,1955-08-30
P03713,F,District_008,1971-03-06
P03714,M,District_023,1995-03-03
P03715,F,District_030,1976-11-09
P03716,M,District_021,1995-08-10
P03717,F,District_033,1968-03-27
P03718,F,District_036,1969-11-19
P03719,M,District_032,1992-10-27
P03720,M,District_039,1984-11-05
P03721,M,District_037,1937-06-23
P03722,F,District_034,2007-07-22
P03723,M,District_013,1941-09-07
P03724,F,District_009,1959-11-14
P03725,M,District_030,1960-05-14
P03726,M,District_034,1998-03-13
P03727,F,District_033,1984-10-16
P03728,M,District_027,1983-05-04
P03729,M,District_033,1970-03-17
P03730,F,District_030,1935-06-13
P03731,F,District_028,1941-06-06
P03732,M,District_003,2011-11-03
P03733,F,District_020,1985-01-17
P03734,F,District_002,1984-01-18
P03735,F,District_004,1933-04-17
P03736,M,District_023,1982-02-06
P03737,F,District_003,1995-05-26
P03738,M,District_036,1966-05-05
P03739,M,District_019,1965-03-05
P03740,F,District_029,1982-12-19
P03741,F,District_007,1970-10-13
P03742,M,District_035,1998-10-19
P03743,F,District_020,2011-05-17
P03744,F,District_023,1979-10-06
P03745,F,District_028,1980-08-12
P03746,M,District_023,1954-07-05
P03747,M,District_024,1959-04-06
P03748,M,District_031,1962-06-27
P03749,F,District_032,2003-12-25
P03750,F,District_014,1977-04-26
P03751,M,District_037,1952-07-29
P03752,F,District_015,1980-11-21
P03753,M,District_012,1938-05-09
P03754,M,District_014,1966-09-25
P03755,F,District_015,1965-07-17
P03756,M,District_014,1995-01-14
P03757,M,District_034,1959-10-08
P03758,M,District_024,1974-02-12
P03759,F,District_039,1949-07-16
P03760,M,District_004,1952-01-27
P03761,F,District_026,1982-02-25
P03762,M,District_004,1943-03-05
P03763,F,District_019,1940-10-18
P03764,F,District_016,1959-03-20
P03765,M,District_029,2002-08-20
P03766,F,District_031,1979-02-04
P03767,F,District_011,2021-01-05
P03768,M,District_009,1985-05-23
P03769,F,District_018,1939-02-03
P03770,M,District_011,1983-06-22
P03771,M,District_029,1974-12-20
P03772,F,District_022,1958-02-16
P03773,M,District_033,1962-06-22
P03774,M,District_040,2004-12-16
P03775,M,District_016,1966-12-09
P03776,M,District_036,1961-04-13
P03777,M,District_031,1968-01-30
P03778,M,District_007,1996-04-22
P03779,F,District_034,1972-07-24
P03780,M,District_020,2015-09-12
P03781,F,District_030,1958-08-02
P03782,F,District_030,1989-09-06
P03783,F,District_036,1986-09-24
P03784,M,District_031,1937-11-16
P03785,F,District_033,1984-06-08
P03786,F,District_014,1947-10-15
P03787,F,District_040,1938-11-10
P03788,F,District_028,1998-09-23
P03789,M,District_031,1990-03-16
P03790,F,District_035,1998-06-06
P03791,F,District_006,1933-07-06
P03792,M,District_014,1963-05-31
P03793,F,District_034,2014-06-09
P03794,F,District_037,1968-07-04
P03795,M,District_031,1992-03-01
P03796,M,District_021,1962-04-10
P03797,F,District_012,1972-10-26
P03798,M,District_023,1983-03-10
P03799,M,District_017,1950-10-30
P03800,M,District_036,2003-12-05
P03801,F,District_024,1963-08-02
P03802,M,District_017,1963-08-12
P03803,M,District_021,1949-03-21
P03804,M,District_037,1965-04-23
P03805,M,District_026,1939-12-12
P03806,M,District_011,1984-07-03
P03807,M,District_021,1933-03-17
P03808,F,District_020,1982-04-09
P03809,F,District_014,1969-07-03
P03810,M,District_031,2001-05-22
P03811,F,District_012,1955-06-11
P03812,M,District_021,1943-10-10
P03813,M,District_019,1988-06-09
P03814,M,District_020,1964-04-30
P03815,F,District_024,1977-12-12
P03816,M,District_029,1986-04-23
P03817,M,District_007,1962-10-02
P03818,M,District_013,1963-12-31
P03819,M,District_031,1967-04-02
P03820,F,District_036,2007-08-13
P03821,M,District_003,1945-08-04
P03822,F,District_004,1988-05-19
P03823,M,District_037,1966-06-11
P03824,F,District_007,1990-05-20
P03825,F,District_040,1992-01-23
P03826,F,District_033,2014-05-09
P03827,F,District_006,1998-12-16
P03828,M,District_004,1965-10-12
P03829,M,District_040,1972-07-21
P03830,F,District_012,1968-07-13
P03831,F,District_023,1969-08-23
P03832,M,District_011,1986-10-26
P03833,F,District_026,2009-11-24
P03834,F,District_034,1965-11-10
P03835,F,District_028,1975-01-20
P03836,M,District_003,1964-08-10
P03837,M,District_025,1998-01-16
P03838,F,District_028,1956-09-01
P03839,M,District_010,2020-09-10
P03840,M,District_031,1958-07-07
P03841,M,District_027,1995-01-22
P03842,M,District_001,1973-06-10
P03843,M,District_038,2003-12-21
P03844,M,District_019,1964-09-24
P03845,M,District_011,2011-01-09
P03846,F,District_004,1970-11-06
P03847,M,District_016,2004-03-02
P03848,M,District_014,1970-01-28
P03849,F,District_013,1988-10-15
P03850,F,District_031,2021-06-11
P03851,F,District_027,1972-05-28
P03852,F,District_007,2022-03-18
P03853,F,District_030,1993-03-16
P03854,F,District_030,1953-12-11
P03855,F,District_022,1952-09-07
P03856,M,District_040,1955-01-24
P03857,F,District_013,1986-08-25
P03858,F,District_003,1968-10-04
P03859,F,District_002,1959-05-18
P03860,F,District_014,1996-10-22
P03861,F,District_021,1973-11-09
P03862,M,District_004,2001-03-16
P03863,F,District_024,1933-11-19
P03864,F,District_036,1966-02-10
P03865,M,District_032,1971-10-03
P03866,M,District_028,1964-11-24
P03867,F,District_028,1991-04-07
P03868,F,District_030,2004-10-29
P03869,M,District_021,1963-08-22
P03870,F,District_017,1975-08-27
P03871,F,District_014,1974-06-30
P03872,M,District_004,1986-07-13
P03873,M,District_024,1969-10-22
P03874,M,District_020,2001-10-08
P03875,F,District_006,2005-10-23
P03876,M,District_012,1942-12-12
P03877,M,District_031,1964-05-09
P03878,M,District_012,1973-07-14
P03879,F,District_019,1947-11-24
P03880,F,District_008,1997-09-03
P03881,F,District_008,1934-05-03
P03882,M,District_031,1962-09-19
P03883,F,District_003,1972-08-08
P03884,F,District_013,1992-04-05
P03885,F,District_040,2009-05-01
P03886,F,District_020,1997-04-21
P03887,M,District_026,2020-08-15
P03888,F,District_027,2018-07-09
P03889,F,District_010,1965-02-27
P03890,M,District_016,1958-02-17
P03891,M,District_017,1998-12-12
P03892,M,District_011,1976-03-02
P03893,M,District_011,1953-02-09
P03894,F,District_026,1969-01-22
P03895,F,District_004,1976-09-25
P03896,F,District_007,1977-07-03
P03897,M,District_024,1988-12-17
P03898,M,District_019,1983-11-23
P03899,F,District_026,1951-06-11
P03900,M,District_002,1967-10-19
P03901,M,District_030,1966-10-12
P03902,M,District_035,1940-09-15
P03903,F,District_023,1978-07-18
P03904,F,District_034,1981-11-07
P03905,M,District_017,1971-03-16
P03906,M,District_004,2008-05-03
P03907,M,District_016,1977-03-19
P03908,M,District_019,1932-01-29
P03909,F,District_035,1975-05-28
P03910,M,District_014,2004-08-22
P03911,F,District_014,1975-01-11
P03912,F,District_036,2004-06-09
P03913,F,District_012,1945-07-16
P03914,F,District_027,1988-08-03
P03915,F,District_014,1938-12-18
P03916,M,District_038,1977-01-18
P03917,M,District_009,1999-03-09
P03918,F,District_030,1975-04-22
P03919,F,District_023,2003-10-14
P03920,F,District_040,1985-01-28
P03921,F,District_040,1941-10-29
P03922,F,District_031,1952-10-05
P03923,M,District_004,1998-12-07
P03924,M,District_020,1959-09-19
P03925,M,District_035,1943-09-05
P03926,M,District_027,1951-03-18
P03927,M,District_036,1979-09-05
P03928,F,District_032,2020-01-19
P03929,F,District_014,1950-09-13
P03930,F,District_010,1987-06-25
P03931,F,District_014,1992-05-30
P03932,M,District_029,1976-03-05
P03933,F,District_020,1983-04-03
P03934,F,District_003,1952-02-20
P03935,F,District_031,2012-01-25
P03936,F,District_003,1971-11-21
P03937,M,District_017,1938-11-28
P03938,F,District_020,1934-07-22
P03939,M,District_022,1937-11-08
P03940,F,District_007,1934-07-05
P03941,F,District_031,1991-06-01
P03942,F,District_035,1956-09-23
P03943,M,District_029,1944-11-27
P03944,F,District_038,1968-01-15
P03945,M,District_012,1986-08-19
P03946,F,District_008,2000-03-01
P03947,M,District_003,1964-05-19
P03948,M,District_030,1969-05-05
P03949,M,District_008,1987-03-24
P03950,F,District_037,1995-09-28
P03951,F,District_025,1970-10-14
P03952,M,District_032,2019-01-04
P03953,M,District_019,1936-05-03
P03954,F,District_031,2005-09-17
P03955,F,District_019,2000-05-11
P03956,F,District_023,2016-08-11
P03957,F,District_031,1953-02-22
P03958,F,District_011,1934-06-30
P03959,F,District_036,1997-09-09
P03960,F,District_030,2000-04-25
P03961,M,District_031,2000-04-03
P03962,M,District_011,2002-08-18
P03963,M,District_004,1964-04-02
P03964,M,District_004,2015-10-09
P03965,M,District_027,1973-10-06
P03966,F,District_007,1981-03-06
P03967,M,District_040,1988-05-20
P03968,F,District_039,1995-12-21
P03969,F,District_002,1992-04-30
P03970,M,District_030,1988-09-12
P03971,F,District_012,2020-09-23
P03972,M,District_015,1983-08-01
P03973,M,District_011,1951-07-22
P03974,F,District_033,2007-02-11
P03975,F,District_036,1992-07-26
P03976,M,District_003,1981-09-15
P03977,M,District_012,1963-03-26
P03978,M,District_019,1949-06-17
P03979,F,District_023,1971-01-01
P03980,M,District_004,1966-05-16
P03981,F,District_033,1951-07-04
P03982,F,District_037,1983-06-07
P03983,M,District_017,1950-10-26
P03984,F,District_035,1973-07-11
P03985,F,District_029,2021-05-10
P03986,F,District_025,1964-04-29
P03987,M,District_033,2007-04-29
P03988,M,District_020,1983-01-03
P03989,M,District_023,1932-07-03
P03990,F,District_012,2021-07-29
P03991,F,District_030,1976-06-18
P03992,M,District_008,1933-09-03
P03993,F,District_011,1975-09-10
P03994,F,District_020,1995-04-26
P03995,F,District_017,1960-09-09
P03996,M,District_011,1954-04-03
P03997,M,District_009,1988-04-05
P03998,F,District_035,1996-01-20
P03999,F,District_025,1969-11-14
P04000,M,District_016,1933-08-22
P04001,M,District_034,1988-03-26
P04002,F,District_033,1998-07-29
P04003,F,District_005,1933-05-07
P04004,M,District_024,1990-04-08
P04005,M,District_014,2021-02-13
P04006,M,District_023,1970-10-11
P04007,M,District_030,2019-09-30
P04008,M,District_001,1988-07-14
P04009,F,District_022,1960-07-01
P04010,F,District_013,1977-02-05
P04011,F,District_023,1962-12-18
P04012,M,District_005,1980-10-04
P04013,F,District_033,1958-02-02
P04014,F,District_023,1964-05-22
P04015,F,District_011,1949-04-30
P04016,M,District_031,1975-10-03
P04017,M,District_002,1959-05-20
P04018,F,District_025,1947-08-21
P04019,F,District_021,1949-04-09
P04020,M,District_002,1985-11-29
P04021,F,District_012,1939-09-21
P04022,M,District_004,1936-05-11
P04023,F,District_031,1981-05-26
P04024,M,District_030,2009-03-01
P04025,F,District_004,1974-03-15
P04026,M,District_005,2002-12-27
P04027,F,District_036,1973-11-30
P04028,F,District_010,1965-08-25
P04029,M,District_014,2014-01-17
P04030,M,District_029,1982-07-11
P04031,M,District_003,1936-02-11
P04032,M,District_038,2010-12-11
P04033,M,District_001,1976-01-16
P04034,M,District_035,1987-12-11
P04035,F,District_015,1982-03-12
P04036,M,District_007,1958-02-15
P04037,F,District_016,1997-09-16
P04038,F,District_040,1962-09-14
P04039,M,District_023,1969-06-03
P04040,F,District_003,2003-04-14
P04041,F,District_038,1997-11-19
P04042,F,District_007,1972-10-07
P04043,M,District_003,1959-04-02
P04044,M,District_003,1974-03-13
P04045,F,District_033,1975-11-07
P04046,F,District_008,1990-02-11
P04047,F,District_009,1990-02-19
P04048,F,District_038,1966-02-19
P04049,F,District_026,1975-10-07
P04050,F,District_013,1945-05-02
P04051,M,District_025,1980-11-04
P04052,M,District_011,1976-10-22
P04053,F,District_021,1962-12-07
P04054,F,District_014,2004-07-06
P04055,F,District_027,1973-04-17
P04056,F,District_031,1960-10-21
P04057,F,District_015,1999-10-27
P04058,M,District_007,1992-09-22
P04059,M,District_015,1996-10-21
P04060,F,District_031,1942-03-03
P04061,F,District_031,1995-11-02
P04062,M,District_031,1994-09-22
P04063,M,District_040,2010-09-12
P04064,F,District_033,2014-10-20
P04065,M,District_039,1991-01-24
P04066,F,District_027,1961-10-17
P04067,M,District_011,2016-07-08
P04068,F,District_026,1983-06-10
P04069,M,District_010,2012-09-28
P04070,F,District_004,1981-07-13
P04071,M,District_014,2016-10-31
P04072,M,District_015,1966-07-09
P04073,M,District_030,1975-12-27
P04074,M,District_015,1975-07-26
P04075,F,District_001,2004-08-21
P04076,M,District_036,1941-08-27
P04077,F,District_025,1971-11-23
P04078,M,District_011,2018-01-02
P04079,F,District_012,1989-12-23
P04080,F,District_006,1970-11-09
P04081,F,District_036,2003-11-26
P04082,M,District_011,1991-01-11
P04083,M,District_038,1966-09-07
P04084,F,District_012,2020-07-28
P04085,M,District_032,1950-04-02
P04086,F,District_001,2000-12-14
P04087,F,District_021,2012-12-08
P04088,F,District_016,2019-10-28
P04089,M,District_014,2007-04-30
P04090,M,District_040,1951-01-10
P04091,M,District_030,1945-05-20
P04092,F,District_012,1937-02-17
P04093,F,District_031,1976-02-15
P04094,M,District_007,1981-09-23
P04095,F,District_037,1998-10-26
P04096,M,District_019,2017-11-04
P04097,M,District_009,1957-03-18
P04098,F,District_012,1972-05-02
P04099,F,District_008,1993-02-20
P04100,M,District_037,1965-06-30
P04101,M,District_014,1962-01-10
P04102,M,District_007,1992-02-10
P04103,M,District_032,1975-03-13
P04104,F,District_011,1970-03-14
P04105,M,District_004,1938-11-17
P04106,M,District_028,2013-04-05
P04107,M,District_001,1990-01-21
P04108,F,District_034,1992-09-17
P04109,M,District_024,1944-03-10
P04110,F,District_012,1932-08-27
P04111,F,District_020,1966-10-16
P04112,M,District_012,1990-04-10
P04113,M,District_023,1997-11-02
P04114,M,District_024,1968-07-10
P04115,M,District_031,1986-01-25
P04116,F,District_020,1960-11-05
P04117,M,District_031,1937-11-06
P04118,M,District_003,1988-01-23
P04119,M,District_037,1984-03-24
P04120,M,District_009,2022-07-17
P04121,M,District_034,1999-08-08
P04122,M,District_021,1973-01-15
P04123,F,District_004,1988-04-12
P04124,M,District_015,1985-02-04
P04125,F,District_037,2003-11-30
P04126,F,District_034,2002-06-22
P04127,M,District_030,1968-04-12
P04128,M,District_016,1958-12-19
P04129,M,District_025,1977-06-29
P04130,F,District_011,1960-12-12
P04131,F,District_028,2002-02-07
P04132,M,District_012,1972-04-28
P04133,M,District_033,2013-10-25
P04134,M,District_030,1939-06-26
P04135,M,District_017,2009-11-23
P04136,F,District_028,2007-03-15
P04137,M,District_014,2022-10-22
P04138,F,District_008,1968-05-25
P04139,M,District_011,1991-12-05
P04140,M,District_012,1951-11-06
P04141,F,District_011,2013-01-09
P04142,M,District_029,1951-08-15
P04143,M,District_031,1959-11-19
P04144,F,District_019,2002-04-21
P04145,F,District_040,1988-10-20
P04146,M,District_036,1992-05-31
P04147,M,District_004,1955-03-13
P04148,M,District_020,1942-04-27
P04149,F,District_036,2003-10-04
P04150,M,District_011,1991-10-08
P04151,F,District_016,1988-10-12
P04152,F,District_038,2005-05-16
P04153,F,District_031,1973-05-01
P04154,F,District_034,1999-06-26
P04155,F,District_036,1980-08-09
P04156,F,District_008,1952-12-10
P04157,F,District_029,1959-03-04
P04158,M,District_032,1967-05-07
P04159,F,District_011,2008-05-14
P04160,F,District_003,1936-11-25
P04161,M,District_009,1972-09-18
P04162,M,District_031,1966-09-13
P04163,M,District_029,2012-05-28
P04164,F,District_036,1955-03-21
P04165,M,District_014,1964-02-20
P04166,M,District_027,1946-06-25
P04167,M,District_002,1977-08-21
P04168,M,District_037,1960-08-06
P04169,F,District_023,1972-04-08
P04170,F,District_031,1935-09-08
P04171,F,District_013,2001-08-03
P04172,F,District_004,1991-03-22
P04173,M,District_003,1970-06-17
P04174,F,District_032,1960-07-15
P04175,M,District_007,1958-04-09
P04176,M,District_033,1962-09-18
P04177,M,District_012,1961-12-10
P04178,F,District_023,1962-03-20
P04179,M,District_012,1999-07-20
P04180,F,District_003,1934-09-05
P04181,F,District_023,1992-11-28
P04182,F,District_015,1971-01-29
P04183,F,District_019,1953-04-12
P04184,M,District_026,1986-09-23
P04185,F,District_014,1999-05-26
P04186,M,District_024,1988-07-16
P04187,F,District_028,1976-09-04
P04188,M,District_004,1988-09-10
P04189,F,District_015,1988-12-05
P04190,M,District_004,1944-01-12
P04191,F,District_001,1988-01-30
P04192,M,District_003,1958-02-18
P04193,M,District_025,1961-09-09
P04194,M,District_004,2016-01-04
P04195,F,District_035,1981-09-23
P04196,M,District_031,1933-03-07
P04197,M,District_001,1974-11-26
P04198,M,District_024,2017-09-10
P04199,M,District_001,1963-06-06
P04200,M,District_005,1967-01-14
P04201,M,District_040,2020-09-27
P04202,M,District_019,1968-07-28
P04203,F,District_002,1970-02-28
P04204,F,District_035,1985-07-13
P04205,M,District_036,1944-04-27
P04206,M,District_023,2003-08-03
P04207,F,District_030,2006-12-31
P04208,F,District_031,1999-09-21
P04209,F,District_031,1974-06-09
P04210,F,District_021,1960-12-25
P04211,M,District_034,1950-10-09
P04212,M,District_023,1988-01-20
P04213,F,District_012,1975-12-28
P04214,F,District_001,1969-10-03
P04215,F,District_015,1979-05-21
P04216,M,District_004,2013-06-10
P04217,M,District_003,1950-10-19
P04218,F,District_020,1985-12-11
P04219,F,District_038,1967-02-08
P04220,M,District_004,1973-06-14
P04221,M,District_012,2008-06-06
P04222,M,District_033,1933-12-11
P04223,F,District_017,1943-10-18
P04224,M,District_031,1977-12-06
P04225,M,District_023,1969-01-09
P04226,M,District_026,1992-03-27
P04227,F,District_008,1959-06-17
P04228,F,District_015,1986-04-28
P04229,F,District_027,2001-11-02
P04230,M,District_002,1992-01-07
P04231,M,District_009,2002-06-27
P04232,F,District_017,1993-06-27
P04233,M,District_028,1991-01-17
P04234,M,District_022,1944-11-27
P04235,F,District_030,2016-07-31
P04236,M,District_030,2016-11-30
P04237,M,District_002,1984-07-30
P04238,F,District_036,1967-09-27
P04239,M,District_033,2006-07-17
P04240,F,District_012,1963-04-21
P04241,M,District_021,1965-09-21
P04242,M,District_014,1987-12-15
P04243,M,District_036,1939-11-04
P04244,M,District_016,2002-04-15
P04245,F,District_017,1958-06-04
P04246,F,District_036,1978-01-09
P04247,M,District_026,1975-02-10
P04248,F,District_007,1952-11-04
P04249,M,District_027,2000-04-08
P04250,F,District_031,1979-12-01
P04251,F,District_014,1980-11-27
P04252,M,District_023,2019-03-19
P04253,M,District_027,1941-08-08
P04254,M,District_022,1973-01-02
P04255,M,District_040,1977-12-31
P04256,F,District_022,1952-07-02
P04257,M,District_027,1955-09-12
P04258,M,District_031,1935-01-08
P04259,M,District_007,1984-05-02
P04260,F,District_003,2002-03-26
P04261,M,District_040,1990-09-18
P04262,F,District_031,2001-02-09
P04263,M,District_017,1991-03-02
P04264,F,District_001,1981-03-21
P04265,M,District_008,1981-07-11
P04266,M,District_001,1983-01-31
P04267,M,District_017,2000-05-02
P04268,M,District_023,2002-12-09
P04269,M,District_008,2003-02-14
P04270,F,District_027,1975-12-26
P04271,M,District_039,1965-04-27
P04272,M,District_040,1964-10-02
P04273,F,District_034,1981-02-08
P04274,F,District_019,2021-04-10
P04275,M,District_023,2000-03-13
P04276,F,District_022,1986-04-21
P04277,M,District_008,1987-06-10
P04278,M,District_035,1946-02-20
P04279,M,District_029,2003-09-16
P04280,F,District_027,1993-06-23
P04281,F,District_011,1974-09-15
P04282,M,District_008,1967-11-22
P04283,F,District_035,2009-02-16
P04284,M,District_009,2002-07-04
P04285,F,District_004,1954-12-13
P04286,F,District_027,1985-03-06
P04287,F,District_030,1977-01-23
P04288,F,District_006,1958-05-05
P04289,M,District_010,1984-09-04
P04290,M,District_031,1969-02-22
P04291,M,District_037,1997-04-07
P04292,M,District_020,1996-09-20
P04293,F,District_031,1996-09-03
P04294,F,District_014,1936-01-07
P04295,M,District_030,1984-01-20
P04296,F,District_023,2001-04-30
P04297,F,District_034,1953-12-19
P04298,F,District_031,1991-10-11
P04299,M,District_013,1941-08-26
P04300,F,District_007,1963-06-21
P04301,F,District_032,1971-02-20
P04302,M,District_002,1968-02-27
P04303,M,District_029,1975-09-24
P04304,F,District_020,1994-11-23
P04305,M,District_004,1940-09-23
P04306,F,District_029,1950-10-08
P04307,F,District_021,1949-02-07
P04308,F,District_035,1968-12-27
P04309,F,District_010,1960-03-04
P04310,F,District_001,1965-05-07
P04311,M,District_007,2009-11-24
P04312,F,District_012,1976-04-26
P04313,M,District_028,1961-06-04
P04314,F,District_015,1977-12-31
P04315,F,District_006,1998-10-12
P04316,M,District_040,1995-08-28
P04317,M,District_004,1973-10-15
P04318,F,District_015,1978-06-04
P04319,F,District_035,1934-05-22
P04320,M,District_028,1966-11-01
P04321,F,District_014,2016-11-17
P04322,M,District_040,2011-05-08
P04323,M,District_021,1963-07-15
P04324,F,District_001,1993-09-27
P04325,M,District_001,1936-09-30
P04326,F,District_038,2002-12-18
P04327,M,District_013,2018-02-24
P04328,M,District_032,2007-03-01
P04329,M,District_003,1975-06-14
P04330,M,District_007,1952-08-27
P04331,M,District_035,1941-10-15
P04332,F,District_040,1960-09-11
P04333,F,District_003,1942-01-28
P04334,F,District_008,2016-11-30
P04335,F,District_030,1972-03-07
P04336,M,District_023,1955-09-13
P04337,F,District_017,1990-09-27
P04338,M,District_009,1954-03-12
P04339,F,District_038,1984-01-17
P04340,F,District_009,1995-01-06
P04341,F,District_012,1970-09-26
P04342,M,District_014,1957-05-31
P04343,F,District_007,2000-09-17
P04344,F,District_023,1957-10-23
P04345,F,District_015,1986-08-14
P04346,M,District_026,1968-12-10
P04347,F,District_015,1962-11-02
P04348,M,District_005,1991-05-30
P04349,F,District_035,1958-04-26
P04350,F,District_022,1962-09-25
P04351,M,District_014,1975-06-13
P04352,M,District_001,2004-03-28
P04353,M,District_025,1981-02-09
P04354,F,District_031,1951-06-09
P04355,M,District_028,1962-10-06
P04356,M,District_031,1941-04-16
P04357,M,District_008,1963-11-01
P04358,F,District_040,1951-11-13
P04359,F,District_011,1998-08-24
P04360,F,District_012,1966-09-03
P04361,M,District_022,1977-11-09
P04362,M,District_001,1998-12-13
P04363,F,District_019,1992-01-22
P04364,F,District_010,1973-04-29
P04365,F,District_031,1950-04-15
P04366,F,District_031,1958-12-08
P04367,M,District_026,2018-03-17
P04368,F,District_018,1934-08-21
P04369,F,District_014,1980-04-03
P04370,F,District_033,1987-07-08
P04371,F,District_022,1954-10-05
P04372,M,District_021,1973-09-28
P04373,F,District_005,1933-11-11
P04374,M,District_011,1957-03-05
P04375,M,District_015,1967-07-30
P04376,M,District_029,1990-03-23
P04377,F,District_034,1982-03-05
P04378,M,District_040,1934-11-02
P04379,M,District_019,1950-09-03
P04380,F,District_019,1992-11-17
P04381,M,District_031,1988-12-29
P04382,F,District_014,1979-01-07
P04383,F,District_023,1991-05-07
P04384,F,District_029,1954-07-21
P04385,M,District_011,2009-10-20
P04386,F,District_013,1992-05-31
P04387,F,District_015,1953-06-17
P04388,F,District_024,1974-10-12
P04389,F,District_012,2001-12-27
P04390,F,District_010,1986-07-14
P04391,M,District_007,2008-06-30
P04392,F,District_032,1994-03-16
P04393,M,District_036,2005-08-11
P04394,M,District_036,1981-11-27
P04395,M,District_033,1988-02-15
P04396,M,District_007,1990-08-04
P04397,F,District_004,2022-04-13
P04398,M,District_021,1932-12-17
P04399,F,District_023,2005-12-19
P04400,F,District_031,1989-12-24
P04401,F,District_011,1942-03-19
P04402,M,District_037,1992-10-06
P04403,M,District_014,1966-03-19
P04404,F,District_024,1947-01-23
P04405,M,District_035,1966-05-04
P04406,F,District_023,1997-01-07
P04407,F,District_031,1968-01-28
P04408,F,District_031,1964-04-13
P04409,M,District_031,1985-03-14
P04410,F,District_032,2020-05-26
P04411,F,District_017,2008-10-14
P04412,F,District_015,1955-11-26
P04413,M,District_032,1999-08-16
P04414,M,District_024,1997-07-12
P04415,F,District_026,1971-08-28
P04416,M,District_018,1948-11-25
P04417,M,District_010,2018-07-01
P04418,F,District_019,2016-07-04
P04419,F,District_040,1985-01-18
P04420,M,District_013,1961-01-18
P04421,F,District_012,1997-05-22
P04422,F,District_007,1951-02-26
P04423,M,District_020,2012-09-09
P04424,M,District_013,2006-01-13
P04425,M,District_029,1994-01-23
P04426,M,District_007,2001-11-17
P04427,F,District_012,1965-04-21
P04428,M,District_003,1976-07-18
P04429,F,District_003,1983-09-27
P04430,M,District_032,1972-08-04
P04431,F,District_036,1992-02-06
P04432,F,District_031,1966-01-29
P04433,F,District_035,1993-08-29
P04434,M,District_004,1969-07-17
P04435,M,District_036,1999-06-28
P04436,M,District_020,1937-04-09
P04437,F,District_031,1944-07-11
P04438,F,District_026,1952-08-10
P04439,M,District_015,1951-01-30
P04440,F,District_012,1994-08-18
P04441,M,District_006,1961-09-27
P04442,M,District_018,1979-09-05
P04443,M,District_021,1947-09-03
P04444,F,District_040,1996-06-13
P04445,M,District_002,2004-05-06
P04446,M,District_025,1967-11-14
P04447,M,District_023,2000-02-13
P04448,M,District_001,1961-10-01
P04449,F,District_014,1991-11-22
P04450,M,District_018,1973-05-03
P04451,F,District_021,1934-10-17
P04452,M,District_011,1961-04-03
P04453,M,District_002,1998-01-20
P04454,M,District_013,2021-04-24
P04455,F,District_034,2019-03-25
P04456,M,District_032,1996-07-05
P04457,F,District_009,1969-08-28
P04458,F,District_027,1983-05-24
P04459,M,District_037,1978-08-24
P04460,F,District_008,1985-02-16
P04461,F,District_006,1936-07-14
P04462,M,District_001,2004-07-03
P04463,M,District_009,2003-05-02
P04464,M,District_032,1980-10-24
P04465,M,District_032,2013-06-11
P04466,M,District_023,1951-04-02
P04467,F,District_014,1984-03-24
P04468,F,District_032,1974-10-11
P04469,M,District_010,1962-12-13
P04470,M,District_007,1935-10-24
P04471,F,District_004,1968-03-09
P04472,F,District_035,1964-09-27
P04473,M,District_030,1986-12-11
P04474,M,District_027,1960-05-29
P04475,M,District_030,1966-02-14
P04476,M,District_007,1972-10-12
P04477,M,District_017,1973-12-17
P04478,M,District_032,1997-11-11
P04479,F,District_036,2006-11-16
P04480,M,District_022,1987-10-20
P04481,M,District_006,2017-10-28
P04482,M,District_040,1986-05-14
P04483,F,District_017,2022-10-12
P04484,M,District_014,1971-06-16
P04485,M,District_006,1970-08-08
P04486,F,District_001,1976-05-08
P04487,M,District_026,1961-05-07
P04488,M,District_026,2014-05-30
P04489,M,District_011,2010-02-10
P04490,M,District_008,1961-10-22
P04491,F,District_023,1957-06-24
P04492,M,District_019,1960-08-11
P04493,F,District_014,1976-06-21
P04494,M,District_011,1960-11-11
P04495,M,District_035,1964-09-07
P04496,M,District_040,1961-01-23
P04497,M,District_015,1968-03-15
P04498,M,District_029,2020-07-30
P04499,F,District_035,2020-11-22
P04500,F,District_002,2004-05-10
P04501,F,District_036,1961-09-14
P04502,M,District_021,1967-09-04
P04503,M,District_023,2001-11-27
P04504,M,District_023,2004-09-18
P04505,F,District_011,1976-10-15
P04506,M,District_031,2000-12-20
P04507,F,District_031,1938-06-01
P04508,M,District_004,1981-01-13
P04509,M,District_024,1989-11-17
P04510,M,District_039,1978-12-13
P04511,M,District_035,1996-11-26
P04512,F,District_027,2018-06-16
P04513,F,District_010,1987-03-07
P04514,M,District_015,2003-09-11
P04515,M,District_007,1980-11-19
P04516,F,District_033,1962-11-27
P04517,F,District_031,2022-05-25
P04518,M,District_036,2002-08-24
P04519,F,District_003,2013-08-26
P04520,F,District_039,1938-10-06
P04521,F,District_039,1973-02-08
P04522,M,District_028,1938-08-18
P04523,F,District_036,1945-04-18
P04524,F,District_019,1987-04-07
P04525,F,District_014,1969-12-11
P04526,F,District_008,1994-10-03
P04527,M,District_002,1947-02-10
P04528,F,District_003,2003-02-14
P04529,F,District_029,2002-08-03
P04530,M,District_014,1953-11-05
P04531,M,District_003,1937-09-15
P04532,F,District_005,1946-01-20
P04533,F,District_028,2017-05-01
P04534,M,District_037,1982-12-05
P04535,M,District_017,1981-04-14
P04536,M,District_031,2000-11-09
P04537,F,District_040,1997-09-13
P04538,M,District_030,1995-07-11
P04539,F,District_030,1961-08-26
P04540,F,District_026,1987-04-23
P04541,M,District_040,1967-11-06
P04542,M,District_013,1951-02-16
P04543,F,District_031,1970-05-30
P04544,F,District_018,2007-09-13
P04545,M,District_008,1986-01-17
P04546,F,District_031,1980-07-11
P04547,F,District_033,1962-08-02
P04548,F,District_035,1998-12-25
P04549,F,District_037,2015-01-04
P04550,M,District_031,1933-02-27
P04551,F,District_023,1969-10-29
P04552,M,District_037,1936-01-22
P04553,M,District_011,1990-03-17
P04554,F,District_004,1945-08-01
P04555,M,District_019,1990-01-28
P04556,F,District_025,2001-06-11
P04557,M,District_029,1946-04-25
P04558,M,District_033,1950-10-27
P04559,M,District_002,1962-11-23
P04560,F,District_032,1989-06-23
P04561,M,District_026,1996-09-04
P04562,M,District_038,1961-01-08
P04563,F,District_015,1946-12-01
P04564,F,District_026,1979-03-30
P04565,F,District_031,2013-05-27
P04566,F,District_022,1960-02-16
P04567,F,District_008,1958-01-02
P04568,M,District_003,1998-02-18
P04569,M,District_005,1972-08-18
P04570,F,District_021,1936-04-23
P04571,M,District_027,2001-11-03
P04572,M,District_024,1962-07-08
P04573,F,District_030,1974-09-25
P04574,M,District_002,1960-10-02
P04575,M,District_007,1940-06-07
P04576,M,District_031,1967-11-17
P04577,F,District_031,1969-06-08
P04578,F,District_029,1988-08-08
P04579,M,District_031,1970-10-10
P04580,F,District_039,1996-06-10
P04581,F,District_038,2019-04-03
P04582,F,District_027,1974-05-24
P04583,F,District_014,1960-11-30
P04584,F,District_001,1938-06-10
P04585,M,District_027,1969-05-19
P04586,F,District_019,1936-04-27
P04587,M,District_007,1989-07-30
P04588,M,District_011,1966-11-28
P04589,M,District_037,1955-11-17
P04590,F,District_003,1991-09-03
P04591,F,District_031,1955-05-16
P04592,M,District_036,1964-04-07
P04593,M,District_029,2005-05-01
P04594,F,District_003,1967-09-11
P04595,M,District_034,1996-07-25
P04596,M,District_028,2021-12-15
P04597,F,District_012,1993-03-16
P04598,M,District_027,2001-08-25
P04599,M,District_007,2000-06-30
P04600,M,District_030,1934-07-21
P04601,F,District_036,1997-09-19
P04602,F,District_023,1947-11-02
P04603,F,District_038,1977-01-18
P04604,F,District_019,2018-11-19
P04605,F,District_035,1997-01-22
P04606,M,District_031,1939-11-22
P04607,M,District_004,1975-11-29
P04608,F,District_036,1933-02-06
P04609,M,District_036,2004-01-22
P04610,F,District_015,1964-02-10
P04611,F,District_031,1977-03-24
P04612,M,District_011,1936-07-06
P04613,M,District_002,2012-11-24
P04614,F,District_010,1936-05-31
P04615,M,District_021,1980-06-26
P04616,M,District_003,1936-04-08
P04617,M,District_008,1965-12-20
P04618,M,District_038,1961-12-04
P04619,F,District_021,2005-06-01
P04620,F,District_033,1941-02-23
P04621,M,District_010,1978-01-26
P04622,F,District_004,1970-06-08
P04623,F,District_031,1958-08-20
P04624,F,District_015,1967-07-14
P04625,F,District_019,1993-06-30
P04626,F,District_040,1971-05-22
P04627,F,District_014,1975-10-11
P04628,M,District_020,1960-08-13
P04629,F,District_027,1963-06-19
P04630,M,District_004,1969-02-25
P04631,F,District_030,1933-03-15
P04632,F,District_019,1974-04-01
P04633,M,District_009,1984-10-15
P04634,F,District_019,1968-08-06
P04635,F,District_020,2013-06-13
P04636,M,District_027,2006-01-13
P04637,F,District_037,1965-08-25
P04638,F,District_031,1987-02-01
P04639,M,District_016,1958-04-04
P04640,F,District_040,1949-05-15
P04641,M,District_031,2005-04-20
P04642,F,District_002,2022-03-18
P04643,F,District_005,2003-04-22
P04644,F,District_011,1999-05-02
P04645,M,District_004,1961-08-17
P04646,F,District_021,1974-07-29
P04647,M,District_015,1975-05-29
P04648,M,District_040,2007-03-01
P04649,M,District_020,1970-05-09
P04650,F,District_011,2013-01-06
P04651,M,District_040,1972-04-28
P04652,M,District_022,1968-08-06
P04653,F,District_004,2019-06-07
P04654,M,District_004,1937-05-19
P04655,F,District_029,1977-02-19
P04656,M,District_021,2001-09-30
P04657,M,District_027,1966-10-03
P04658,F,District_035,1961-10-20
P04659,F,District_029,1995-12-13
P04660,M,District_035,2005-04-30
P04661,M,District_031,1966-01-15
P04662,M,District_028,1950-05-22
P04663,F,District_007,1971-12-11
P04664,M,District_021,1959-08-22
P04665,M,District_019,1959-02-07
P04666,M,District_023,2000-12-14
P04667,F,District_017,2014-05-23
P04668,M,District_027,1991-07-26
P04669,F,District_017,1933-01-31
P04670,M,District_023,1933-06-28
P04671,F,District_017,1948-06-09
P04672,M,District_036,2007-04-14
P04673,F,District_016,1977-03-08
P04674,F,District_031,1977-06-27
P04675,F,District_026,1984-04-13
P04676,M,District_017,1985-03-14
P04677,M,District_032,1961-06-24
P04678,M,District_037,1975-04-16
P04679,M,District_031,1976-08-22
P04680,F,District_038,2002-08-25
P04681,F,District_019,1965-12-31
P04682,F,District_036,2022-05-02
P04683,F,District_035,1988-10-02
P04684,M,District_031,1960-03-10
P04685,F,District_034,2003-01-20
P04686,M,District_030,1938-02-16
P04687,M,District_022,1991-09-24
P04688,M,District_023,1979-05-10
P04689,F,District_018,2019-04-03
P04690,M,District_028,1973-07-01
P04691,M,District_014,2007-07-01
P04692,M,District_031,1986-07-26
P04693,M,District_022,1981-09-11
P04694,F,District_015,2007-06-07
P04695,M,District_007,1968-01-06
P04696,M,District_012,1963-10-15
P04697,M,District_027,1984-12-15
P04698,M,District_016,1959-12-13
P04699,M,District_002,1986-06-03
P04700,F,District_014,1959-09-26
P04701,F,District_015,2008-07-17
P04702,M,District_011,1959-01-21
P04703,M,District_013,1994-12-05
P04704,M,District_030,1969-10-30
P04705,F,District_031,1995-10-16
P04706,M,District_039,1933-07-19
P04707,M,District_006,1999-04-24
P04708,M,District_014,1938-10-27
P04709,F,District_004,1941-11-23
P04710,F,District_026,2006-12-01
P04711,M,District_001,1993-03-15
P04712,M,District_010,2002-12-22
P04713,F,District_025,1939-05-19
P04714,M,District_015,1969-06-04
P04715,F,District_023,1970-11-26
P04716,F,District_027,2022-06-14
P04717,F,District_034,1954-09-19
P04718,F,District_017,1985-06-28
P04719,M,District_013,2010-11-12
P04720,F,District_023,1999-05-04
P04721,M,District_003,1983-03-17
P04722,F,District_003,1944-01-01
P04723,F,District_019,1970-06-21
P04724,F,District_011,1994-05-10
P04725,F,District_001,1988-01-01
P04726,M,District_029,1959-04-13
P04727,M,District_033,1968-06-17
P04728,M,District_007,1997-09-12
P04729,M,District_024,1985-07-09
P04730,M,District_040,1967-04-29
P04731,M,District_012,1947-05-13
P04732,M,District_031,1968-03-24
P04733,M,District_008,2014-12-20
P04734,F,District_037,1975-03-21
P04735,F,District_001,2006-12-20
P04736,M,District_013,1940-05-09
P04737,M,District_040,2002-08-27
P04738,F,District_028,1992-12-09
P04739,M,District_011,1984-04-25
P04740,F,District_031,2001-06-14
P04741,M,District_036,1996-05-03
P04742,M,District_021,1958-08-17
P04743,F,District_008,1977-09-22
P04744,M,District_012,1938-05-18
P04745,M,District_038,2002-10-15
P04746,M,District_008,2009-03-11
P04747,M,District_014,1969-04-27
P04748,M,District_007,2007-01-03
P04749,F,District_004,1986-12-23
P04750,M,District_023,1954-06-02
P04751,F,District_017,1948-06-12
P04752,F,District_003,2015-02-23
P04753,F,District_007,1963-08-01
P04754,F,District_002,1969-01-25
P04755,M,District_001,1982-10-06
P04756,M,District_009,1968-02-25
P04757,M,District_031,1997-06-26
P04758,F,District_001,2017-01-22
P04759,M,District_014,1937-10-14
P04760,M,District_024,1964-09-29
P04761,F,District_031,2004-06-10
P04762,M,District_029,1985-06-14
P04763,F,District_040,1947-11-09
P04764,M,District_012,1997-05-09
P04765,F,District_001,1955-08-07
P04766,M,District_002,1932-11-07
P04767,M,District_004,2006-06-29
P04768,M,District_040,1958-04-22
P04769,F,District_024,1976-12-21
P04770,F,District_032,1967-02-01
P04771,M,District_040,2004-05-24
P04772,F,District_034,2015-09-29
P04773,F,District_017,1982-04-03
P04774,M,District_035,1966-02-28
P04775,M,District_019,1967-01-19
P04776,M,District_005,1975-03-20
P04777,F,District_023,1959-10-20
P04778,F,District_036,1996-11-03
P04779,M,District_031,2014-10-17
P04780,F,District_017,1960-02-17
P04781,F,District_035,1965-09-12
P04782,F,District_020,1963-09-04
P04783,M,District_029,2002-02-10
P04784,F,District_014,1994-10-19
P04785,M,District_010,1943-08-07
P04786,F,District_014,2002-09-15
P04787,F,District_035,2017-09-13
P04788,M,District_040,1961-05-29
P04789,M,District_012,1959-04-07
P04790,M,District_008,1936-09-27
P04791,M,District_003,1933-12-19
P04792,F,District_031,1958-05-13
P04793,F,District_023,2020-06-15
P04794,F,District_023,1960-05-06
P04795,F,District_003,1941-07-21
P04796,M,District_004,1982-03-24
P04797,M,District_036,1941-05-18
P04798,F,District_024,1975-04-01
P04799,F,District_011,1991-04-11
P04800,M,District_010,1962-07-04
P04801,M,District_011,1975-09-06
P04802,F,District_003,2015-06-04
P04803,F,District_003,1988-05-14
P04804,F,District_030,1968-06-07
P04805,F,District_012,1984-06-24
P04806,F,District_017,2004-08-29
P04807,M,District_023,1971-11-15
P04808,F,District_014,1958-07-29
P04809,M,District_020,1967-02-15
P04810,F,District_035,1953-04-15
P04811,F,District_011,1954-04-01
P04812,F,District_031,1990-04-08
P04813,M,District_012,1980-01-31
P04814,M,District_009,1977-10-11
P04815,F,District_004,2004-04-14
P04816,F,District_029,1948-12-07
P04817,M,District_018,1973-10-04
P04818,F,District_031,2004-12-22
P04819,M,District_007,1972-07-28
P04820,M,District_026,1965-11-11
P04821,F,District_001,1936-08-13
P04822,M,District_011,1998-11-13
P04823,M,District_026,1939-12-20
P04824,M,District_003,2010-07-11
P04825,F,District_016,1977-08-05
P04826,M,District_024,1935-08-03
P04827,F,District_030,2002-08-28
P04828,M,District_030,2012-08-05
P04829,M,District_007,1938-12-31
P04830,F,District_004,1936-07-11
P04831,M,District_016,1995-02-27
P04832,M,District_011,1964-11-12
P04833,M,District_014,1957-11-10
P04834,M,District_015,1994-03-23
P04835,M,District_017,1958-07-03
P04836,F,District_022,2003-10-01
P04837,M,District_001,2003-03-22
P04838,M,District_013,1939-09-06
P04839,M,District_012,1992-05-26
P04840,M,District_011,1946-06-13
P04841,F,District_031,1973-11-01
P04842,F,District_012,1974-04-01
P04843,F,District_007,1985-05-21
P04844,M,District_035,1997-10-17
P04845,F,District_016,1937-03-31
P04846,F,District_009,1969-05-20
P04847,F,District_031,1970-02-24
P04848,M,District_028,2001-03-08
P04849,F,District_038,1988-09-07
P04850,F,District_035,1999-01-26
P04851,F,District_029,1959-12-21
P04852,F,District_008,1995-09-03
P04853,F,District_021,1961-05-25
P04854,F,District_006,1993-06-20
P04855,M,District_023,1995-10-12
P04856,F,District_036,1968-10-21
P04857,F,District_001,1969-03-22
P04858,M,District_035,1945-02-16
P04859,F,District_023,1981-04-28
P04860,F,District_007,1963-06-23
P04861,F,District_035,2022-03-25
P04862,F,District_023,1956-10-06
P04863,M,District_019,1977-01-13
P04864,M,District_021,1987-11-18
P04865,F,District_007,1952-06-02
P04866,M,District_005,1996-08-30
P04867,M,District_028,1983-02-06
P04868,F,District_036,2004-10-04
P04869,M,District_029,2020-05-12
P04870,M,District_034,1955-11-06
P04871,M,District_034,1972-10-27
P04872,M,District_002,1976-08-03
P04873,F,District_031,1941-03-16
P04874,M,District_031,1963-09-23
P04875,F,District_015,2002-04-23
P04876,M,District_017,1992-06-07
P04877,F,District_031,1998-01-10
P04878,F,District_040,1955-09-15
P04879,F,District_040,1945-10-05
P04880,M,District_020,1964-02-07
P04881,M,District_031,2001-09-02
P04882,M,District_020,1984-10-15
P04883,F,District_035,1932-03-08
P04884,F,District_028,2006-03-11
P04885,F,District_037,1974-12-10
P04886,F,District_040,1999-02-24
P04887,F,District_014,1982-05-15
P04888,M,District_040,1975-09-23
P04889,M,District_029,1945-06-20
P04890,F,District_011,1967-10-07
P04891,F,District_001,1975-11-02
P04892,M,District_029,2006-11-14
P04893,M,District_011,1954-11-02
P04894,M,District_011,1976-06-03
P04895,M,District_023,1967-03-13
P04896,F,District_002,1959-07-09
P04897,F,District_018,1997-12-27
P04898,M,District_032,2019-07-30
P04899,M,District_002,1951-04-05
P04900,M,District_027,1958-03-03
P04901,F,District_008,1979-04-10
P04902,M,District_035,1988-08-20
P04903,F,District_017,1945-05-09
P04904,M,District_032,1974-12-08
P04905,F,District_030,1959-08-06
P04906,M,District_035,2022-06-20
P04907,F,District_022,1953-12-22
P04908,F,District_021,1940-12-27
P04909,F,District_002,1974-03-15
P04910,M,District_023,2004-10-13
P04911,M,District_023,1966-11-17
P04912,M,District_026,1957-05-30
P04913,M,District_007,1972-09-21
P04914,M,District_023,1941-01-09
P04915,M,District_019,1974-01-21
P04916,F,District_025,1985-03-07
P04917,M,District_028,1976-09-13
P04918,M,District_015,1942-02-16
P04919,M,District_022,2005-09-30
P04920,F,District_017,1986-10-06
P04921,F,District_031,1962-01-11
P04922,F,District_032,1984-04-30
P04923,M,District_013,1950-12-01
P04924,M,District_012,2000-02-13
P04925,M,District_029,1978-11-04
P04926,F,District_031,1986-04-28
P04927,M,District_001,1974-07-26
P04928,F,District_019,1977-12-26
P04929,F,District_014,1997-03-20
P04930,M,District_031,1988-04-26
P04931,F,District_007,1996-02-14
P04932,F,District_031,1961-05-23
P04933,F,District_028,1944-04-01
P04934,F,District_034,1958-02-05
P04935,M,District_040,1981-01-10
P04936,M,District_020,1968-06-11
P04937,M,District_029,1982-12-26
P04938,M,District_030,2016-08-28
P04939,F,District_034,2007-05-21
P04940,F,District_022,1998-11-22
P04941,M,District_004,1995-11-21
P04942,F,District_040,1958-08-10
P04943,M,District_003,1983-02-04
P04944,F,District_039,1975-09-07
P04945,M,District_012,1957-01-25
P04946,M,District_021,1967-03-15
P04947,M,District_038,1967-09-14
P04948,M,District_029,1963-10-10
P04949,M,District_025,2000-03-05
P04950,F,District_014,1983-04-02
P04951,M,District_013,1969-05-16
P04952,M,District_002,1949-01-09
P04953,M,District_025,1947-11-27
P04954,M,District_019,1933-08-14
P04955,F,District_011,1970-05-26
P04956,F,District_017,1966-12-06
P04957,M,District_038,1934-01-10
P04958,F,District_035,1957-06-07
P04959,M,District_019,1967-09-12
P04960,M,District_040,1939-10-07
P04961,M,District_020,1935-01-01
P04962,F,District_015,1976-05-30
P04963,F,District_017,2012-01-11
P04964,M,District_035,1983-12-20
P04965,M,District_012,1970-08-03
P04966,M,District_011,1985-05-05
P04967,F,District_039,1993-07-28
P04968,F,District_031,1964-05-09
P04969,M,District_031,1947-04-17
P04970,M,District_031,1953-01-14
P04971,M,District_029,1961-05-26
P04972,M,District_004,2001-04-17
P04973,M,District_031,2002-09-13
P04974,M,District_012,1960-11-07
P04975,M,District_007,1979-11-27
P04976,M,District_040,1965-11-23
P04977,M,District_002,1942-03-06
P04978,F,District_002,1970-12-18
P04979,M,District_014,1965-07-09
P04980,M,District_034,1965-05-23
P04981,M,District_040,1944-05-01
P04982,F,District_006,1988-12-08
P04983,F,District_017,1966-02-21
P04984,M,District_031,1981-07-26
P04985,M,District_027,1964-12-26
P04986,F,District_011,1996-11-14
P04987,F,District_014,1964-02-23
P04988,M,District_025,1973-01-22
P04989,M,District_002,2019-04-03
P04990,F,District_031,1961-09-02
P04991,F,District_012,1990-01-21
P04992,F,District_033,2006-09-23
P04993,F,District_029,2017-10-08
P04994,F,District_027,1978-03-28
P04995,M,District_031,1941-09-06
P04996,M,District_004,1935-06-27
P04997,F,District_012,1967-05-06
P04998,F,District_023,1977-11-02
P04999,M,District_031,1974-01-29
P05000,F,District_035,1955-11-03
